nohup: ignoring input
Calibrating unique_color k=1 on S_1, threshold=0
========================================
Processing S_1
========================================

Not found in G: 1
Finished.
Graphs with no match in G: 1
Summary CSV: local_tests/figure1_toy_models/recovery_results/calibration/unique_color/k_1/summary.csv
Summary text: local_tests/figure1_toy_models/recovery_results/calibration/unique_color/k_1/summary.txt
Patterns with size different from k=1: 0
Running all unique_color graphs at k=1 with calibrated threshold=0
========================================
Processing S_1
========================================
========================================
Processing S_2
========================================
========================================
Processing S_3
========================================
========================================
Processing S_4
========================================
========================================
Processing S_5
========================================
========================================
Processing S_6
========================================
========================================
Processing S_7
========================================
========================================
Processing S_8
========================================
========================================
Processing S_9
========================================
========================================
Processing S_10
========================================
========================================
Processing S_11
========================================
========================================
Processing S_12
========================================
========================================
Processing S_13
========================================
========================================
Processing S_14
========================================
========================================
Processing S_15
========================================
========================================
Processing S_16
========================================
========================================
Processing S_17
========================================
========================================
Processing S_18
========================================
========================================
Processing S_19
========================================
========================================
Processing S_20
========================================
========================================
Processing S_21
========================================
========================================
Processing S_22
========================================
========================================
Processing S_23
========================================
========================================
Processing S_24
========================================
========================================
Processing S_25
========================================
========================================
Processing S_26
========================================
========================================
Processing S_27
========================================
========================================
Processing S_28
========================================
========================================
Processing S_29
========================================
========================================
Processing S_30
========================================
========================================
Processing S_31
========================================
========================================
Processing S_32
========================================
========================================
Processing S_33
========================================
========================================
Processing S_34
========================================
========================================
Processing S_35
========================================
========================================
Processing S_36
========================================
========================================
Processing S_37
========================================
========================================
Processing S_38
========================================
========================================
Processing S_39
========================================
========================================
Processing S_40
========================================
========================================
Processing S_41
========================================
========================================
Processing S_42
========================================
========================================
Processing S_43
========================================
========================================
Processing S_44
========================================
========================================
Processing S_45
========================================
========================================
Processing S_46
========================================
========================================
Processing S_47
========================================
========================================
Processing S_48
========================================
========================================
Processing S_49
========================================
========================================
Processing S_50
========================================
Completed 50 graphs
========================================
Processing S_51
========================================
========================================
Processing S_52
========================================
========================================
Processing S_53
========================================
========================================
Processing S_54
========================================
========================================
Processing S_55
========================================
========================================
Processing S_56
========================================
========================================
Processing S_57
========================================
========================================
Processing S_58
========================================
========================================
Processing S_59
========================================
========================================
Processing S_60
========================================
========================================
Processing S_61
========================================
========================================
Processing S_62
========================================
========================================
Processing S_63
========================================
========================================
Processing S_64
========================================
========================================
Processing S_65
========================================
========================================
Processing S_66
========================================
========================================
Processing S_67
========================================
========================================
Processing S_68
========================================
========================================
Processing S_69
========================================
========================================
Processing S_70
========================================
========================================
Processing S_71
========================================
========================================
Processing S_72
========================================
========================================
Processing S_73
========================================
========================================
Processing S_74
========================================
========================================
Processing S_75
========================================
========================================
Processing S_76
========================================
========================================
Processing S_77
========================================
========================================
Processing S_78
========================================
========================================
Processing S_79
========================================
========================================
Processing S_80
========================================
========================================
Processing S_81
========================================
========================================
Processing S_82
========================================
========================================
Processing S_83
========================================
========================================
Processing S_84
========================================
========================================
Processing S_85
========================================
========================================
Processing S_86
========================================
========================================
Processing S_87
========================================
========================================
Processing S_88
========================================
========================================
Processing S_89
========================================
========================================
Processing S_90
========================================
========================================
Processing S_91
========================================
========================================
Processing S_92
========================================
========================================
Processing S_93
========================================
========================================
Processing S_94
========================================
========================================
Processing S_95
========================================
========================================
Processing S_96
========================================
========================================
Processing S_97
========================================
========================================
Processing S_98
========================================
========================================
Processing S_99
========================================
========================================
Processing S_100
========================================
Completed 100 graphs
========================================
Processing S_101
========================================
========================================
Processing S_102
========================================
========================================
Processing S_103
========================================
========================================
Processing S_104
========================================
========================================
Processing S_105
========================================
========================================
Processing S_106
========================================
========================================
Processing S_107
========================================
========================================
Processing S_108
========================================
========================================
Processing S_109
========================================
========================================
Processing S_110
========================================
========================================
Processing S_111
========================================
========================================
Processing S_112
========================================
========================================
Processing S_113
========================================
========================================
Processing S_114
========================================
========================================
Processing S_115
========================================
========================================
Processing S_116
========================================
========================================
Processing S_117
========================================
========================================
Processing S_118
========================================
========================================
Processing S_119
========================================
========================================
Processing S_120
========================================
========================================
Processing S_121
========================================
========================================
Processing S_122
========================================
========================================
Processing S_123
========================================
========================================
Processing S_124
========================================
========================================
Processing S_125
========================================
========================================
Processing S_126
========================================
========================================
Processing S_127
========================================
========================================
Processing S_128
========================================
========================================
Processing S_129
========================================
========================================
Processing S_130
========================================
========================================
Processing S_131
========================================
========================================
Processing S_132
========================================
========================================
Processing S_133
========================================
========================================
Processing S_134
========================================
========================================
Processing S_135
========================================
========================================
Processing S_136
========================================
========================================
Processing S_137
========================================
========================================
Processing S_138
========================================
========================================
Processing S_139
========================================
========================================
Processing S_140
========================================
========================================
Processing S_141
========================================
========================================
Processing S_142
========================================
========================================
Processing S_143
========================================
========================================
Processing S_144
========================================
========================================
Processing S_145
========================================
========================================
Processing S_146
========================================
========================================
Processing S_147
========================================
========================================
Processing S_148
========================================
========================================
Processing S_149
========================================
========================================
Processing S_150
========================================
Completed 150 graphs
========================================
Processing S_151
========================================
========================================
Processing S_152
========================================
========================================
Processing S_153
========================================
========================================
Processing S_154
========================================
========================================
Processing S_155
========================================
========================================
Processing S_156
========================================
========================================
Processing S_157
========================================
========================================
Processing S_158
========================================
========================================
Processing S_159
========================================
========================================
Processing S_160
========================================
========================================
Processing S_161
========================================
========================================
Processing S_162
========================================
========================================
Processing S_163
========================================
========================================
Processing S_164
========================================
========================================
Processing S_165
========================================
========================================
Processing S_166
========================================
========================================
Processing S_167
========================================
========================================
Processing S_168
========================================
========================================
Processing S_169
========================================
========================================
Processing S_170
========================================
========================================
Processing S_171
========================================
========================================
Processing S_172
========================================
========================================
Processing S_173
========================================
========================================
Processing S_174
========================================
========================================
Processing S_175
========================================
========================================
Processing S_176
========================================
========================================
Processing S_177
========================================
========================================
Processing S_178
========================================
========================================
Processing S_179
========================================
========================================
Processing S_180
========================================
========================================
Processing S_181
========================================
========================================
Processing S_182
========================================
========================================
Processing S_183
========================================
========================================
Processing S_184
========================================
========================================
Processing S_185
========================================
========================================
Processing S_186
========================================
========================================
Processing S_187
========================================
========================================
Processing S_188
========================================
========================================
Processing S_189
========================================
========================================
Processing S_190
========================================
========================================
Processing S_191
========================================
========================================
Processing S_192
========================================
========================================
Processing S_193
========================================
========================================
Processing S_194
========================================
========================================
Processing S_195
========================================
========================================
Processing S_196
========================================
========================================
Processing S_197
========================================
========================================
Processing S_198
========================================
========================================
Processing S_199
========================================
========================================
Processing S_200
========================================
Completed 200 graphs
========================================
Processing S_201
========================================
========================================
Processing S_202
========================================
========================================
Processing S_203
========================================
========================================
Processing S_204
========================================
========================================
Processing S_205
========================================
========================================
Processing S_206
========================================
========================================
Processing S_207
========================================
========================================
Processing S_208
========================================
========================================
Processing S_209
========================================
========================================
Processing S_210
========================================
========================================
Processing S_211
========================================
========================================
Processing S_212
========================================
========================================
Processing S_213
========================================
========================================
Processing S_214
========================================
========================================
Processing S_215
========================================
========================================
Processing S_216
========================================
========================================
Processing S_217
========================================
========================================
Processing S_218
========================================
========================================
Processing S_219
========================================
========================================
Processing S_220
========================================
========================================
Processing S_221
========================================
========================================
Processing S_222
========================================
========================================
Processing S_223
========================================
========================================
Processing S_224
========================================
========================================
Processing S_225
========================================
========================================
Processing S_226
========================================
========================================
Processing S_227
========================================
========================================
Processing S_228
========================================
========================================
Processing S_229
========================================
========================================
Processing S_230
========================================
========================================
Processing S_231
========================================
========================================
Processing S_232
========================================
========================================
Processing S_233
========================================
========================================
Processing S_234
========================================
========================================
Processing S_235
========================================
========================================
Processing S_236
========================================
========================================
Processing S_237
========================================
========================================
Processing S_238
========================================
========================================
Processing S_239
========================================
========================================
Processing S_240
========================================
========================================
Processing S_241
========================================
========================================
Processing S_242
========================================
========================================
Processing S_243
========================================
========================================
Processing S_244
========================================
========================================
Processing S_245
========================================
========================================
Processing S_246
========================================
========================================
Processing S_247
========================================
========================================
Processing S_248
========================================
========================================
Processing S_249
========================================
========================================
Processing S_250
========================================
Completed 250 graphs
========================================
Processing S_251
========================================
========================================
Processing S_252
========================================
========================================
Processing S_253
========================================
========================================
Processing S_254
========================================
========================================
Processing S_255
========================================
========================================
Processing S_256
========================================
========================================
Processing S_257
========================================
========================================
Processing S_258
========================================
========================================
Processing S_259
========================================
========================================
Processing S_260
========================================
========================================
Processing S_261
========================================
========================================
Processing S_262
========================================
========================================
Processing S_263
========================================
========================================
Processing S_264
========================================
========================================
Processing S_265
========================================
========================================
Processing S_266
========================================
========================================
Processing S_267
========================================
========================================
Processing S_268
========================================
========================================
Processing S_269
========================================
========================================
Processing S_270
========================================
========================================
Processing S_271
========================================
========================================
Processing S_272
========================================
========================================
Processing S_273
========================================
========================================
Processing S_274
========================================
========================================
Processing S_275
========================================
========================================
Processing S_276
========================================
========================================
Processing S_277
========================================
========================================
Processing S_278
========================================
========================================
Processing S_279
========================================
========================================
Processing S_280
========================================
========================================
Processing S_281
========================================
========================================
Processing S_282
========================================
========================================
Processing S_283
========================================
========================================
Processing S_284
========================================
========================================
Processing S_285
========================================
========================================
Processing S_286
========================================
========================================
Processing S_287
========================================
========================================
Processing S_288
========================================
========================================
Processing S_289
========================================
========================================
Processing S_290
========================================
========================================
Processing S_291
========================================
========================================
Processing S_292
========================================
========================================
Processing S_293
========================================
========================================
Processing S_294
========================================
========================================
Processing S_295
========================================
========================================
Processing S_296
========================================
========================================
Processing S_297
========================================
========================================
Processing S_298
========================================
========================================
Processing S_299
========================================
========================================
Processing S_300
========================================
Completed 300 graphs
========================================
Processing S_301
========================================
========================================
Processing S_302
========================================
========================================
Processing S_303
========================================
========================================
Processing S_304
========================================
========================================
Processing S_305
========================================
========================================
Processing S_306
========================================
========================================
Processing S_307
========================================
========================================
Processing S_308
========================================
========================================
Processing S_309
========================================
========================================
Processing S_310
========================================
========================================
Processing S_311
========================================
========================================
Processing S_312
========================================
========================================
Processing S_313
========================================
========================================
Processing S_314
========================================
========================================
Processing S_315
========================================
========================================
Processing S_316
========================================
========================================
Processing S_317
========================================
========================================
Processing S_318
========================================
========================================
Processing S_319
========================================
========================================
Processing S_320
========================================
========================================
Processing S_321
========================================
========================================
Processing S_322
========================================
========================================
Processing S_323
========================================
========================================
Processing S_324
========================================
========================================
Processing S_325
========================================
========================================
Processing S_326
========================================
========================================
Processing S_327
========================================
========================================
Processing S_328
========================================
========================================
Processing S_329
========================================
========================================
Processing S_330
========================================
========================================
Processing S_331
========================================
========================================
Processing S_332
========================================
========================================
Processing S_333
========================================
========================================
Processing S_334
========================================
========================================
Processing S_335
========================================
========================================
Processing S_336
========================================
========================================
Processing S_337
========================================
========================================
Processing S_338
========================================
========================================
Processing S_339
========================================
========================================
Processing S_340
========================================
========================================
Processing S_341
========================================
========================================
Processing S_342
========================================
========================================
Processing S_343
========================================
========================================
Processing S_344
========================================
========================================
Processing S_345
========================================
========================================
Processing S_346
========================================
========================================
Processing S_347
========================================
========================================
Processing S_348
========================================
========================================
Processing S_349
========================================
========================================
Processing S_350
========================================
Completed 350 graphs
========================================
Processing S_351
========================================
========================================
Processing S_352
========================================
========================================
Processing S_353
========================================
========================================
Processing S_354
========================================
========================================
Processing S_355
========================================
========================================
Processing S_356
========================================
========================================
Processing S_357
========================================
========================================
Processing S_358
========================================
========================================
Processing S_359
========================================
========================================
Processing S_360
========================================
========================================
Processing S_361
========================================
========================================
Processing S_362
========================================
========================================
Processing S_363
========================================
========================================
Processing S_364
========================================
========================================
Processing S_365
========================================
========================================
Processing S_366
========================================
========================================
Processing S_367
========================================
========================================
Processing S_368
========================================
========================================
Processing S_369
========================================
========================================
Processing S_370
========================================
========================================
Processing S_371
========================================
========================================
Processing S_372
========================================
========================================
Processing S_373
========================================
========================================
Processing S_374
========================================
========================================
Processing S_375
========================================
========================================
Processing S_376
========================================
========================================
Processing S_377
========================================
========================================
Processing S_378
========================================
========================================
Processing S_379
========================================
========================================
Processing S_380
========================================
========================================
Processing S_381
========================================
========================================
Processing S_382
========================================
========================================
Processing S_383
========================================
========================================
Processing S_384
========================================
========================================
Processing S_385
========================================
========================================
Processing S_386
========================================
========================================
Processing S_387
========================================
========================================
Processing S_388
========================================
========================================
Processing S_389
========================================
========================================
Processing S_390
========================================
========================================
Processing S_391
========================================
========================================
Processing S_392
========================================
========================================
Processing S_393
========================================
========================================
Processing S_394
========================================
========================================
Processing S_395
========================================
========================================
Processing S_396
========================================
========================================
Processing S_397
========================================
========================================
Processing S_398
========================================
========================================
Processing S_399
========================================
========================================
Processing S_400
========================================
Completed 400 graphs
========================================
Processing S_401
========================================
========================================
Processing S_402
========================================
========================================
Processing S_403
========================================
========================================
Processing S_404
========================================
========================================
Processing S_405
========================================
========================================
Processing S_406
========================================
========================================
Processing S_407
========================================
========================================
Processing S_408
========================================
========================================
Processing S_409
========================================
========================================
Processing S_410
========================================
========================================
Processing S_411
========================================
========================================
Processing S_412
========================================
========================================
Processing S_413
========================================
========================================
Processing S_414
========================================
========================================
Processing S_415
========================================
========================================
Processing S_416
========================================
========================================
Processing S_417
========================================
========================================
Processing S_418
========================================
========================================
Processing S_419
========================================
========================================
Processing S_420
========================================
========================================
Processing S_421
========================================
========================================
Processing S_422
========================================
========================================
Processing S_423
========================================
========================================
Processing S_424
========================================
========================================
Processing S_425
========================================
========================================
Processing S_426
========================================
========================================
Processing S_427
========================================
========================================
Processing S_428
========================================
========================================
Processing S_429
========================================
========================================
Processing S_430
========================================
========================================
Processing S_431
========================================
========================================
Processing S_432
========================================
========================================
Processing S_433
========================================
========================================
Processing S_434
========================================
========================================
Processing S_435
========================================
========================================
Processing S_436
========================================
========================================
Processing S_437
========================================
========================================
Processing S_438
========================================
========================================
Processing S_439
========================================
========================================
Processing S_440
========================================
========================================
Processing S_441
========================================
========================================
Processing S_442
========================================
========================================
Processing S_443
========================================
========================================
Processing S_444
========================================
========================================
Processing S_445
========================================
========================================
Processing S_446
========================================
========================================
Processing S_447
========================================
========================================
Processing S_448
========================================
========================================
Processing S_449
========================================
========================================
Processing S_450
========================================
Completed 450 graphs
========================================
Processing S_451
========================================
========================================
Processing S_452
========================================
========================================
Processing S_453
========================================
========================================
Processing S_454
========================================
========================================
Processing S_455
========================================
========================================
Processing S_456
========================================
========================================
Processing S_457
========================================
========================================
Processing S_458
========================================
========================================
Processing S_459
========================================
========================================
Processing S_460
========================================
========================================
Processing S_461
========================================
========================================
Processing S_462
========================================
========================================
Processing S_463
========================================
========================================
Processing S_464
========================================
========================================
Processing S_465
========================================
========================================
Processing S_466
========================================
========================================
Processing S_467
========================================
========================================
Processing S_468
========================================
========================================
Processing S_469
========================================
========================================
Processing S_470
========================================
========================================
Processing S_471
========================================
========================================
Processing S_472
========================================
========================================
Processing S_473
========================================
========================================
Processing S_474
========================================
========================================
Processing S_475
========================================
========================================
Processing S_476
========================================
========================================
Processing S_477
========================================
========================================
Processing S_478
========================================
========================================
Processing S_479
========================================
========================================
Processing S_480
========================================
========================================
Processing S_481
========================================
========================================
Processing S_482
========================================
========================================
Processing S_483
========================================
========================================
Processing S_484
========================================
========================================
Processing S_485
========================================
========================================
Processing S_486
========================================
========================================
Processing S_487
========================================
========================================
Processing S_488
========================================
========================================
Processing S_489
========================================
========================================
Processing S_490
========================================
========================================
Processing S_491
========================================
========================================
Processing S_492
========================================
========================================
Processing S_493
========================================
========================================
Processing S_494
========================================
========================================
Processing S_495
========================================
========================================
Processing S_496
========================================
========================================
Processing S_497
========================================
========================================
Processing S_498
========================================
========================================
Processing S_499
========================================
========================================
Processing S_500
========================================
Completed 500 graphs
========================================
Processing S_501
========================================
========================================
Processing S_502
========================================
========================================
Processing S_503
========================================
========================================
Processing S_504
========================================
========================================
Processing S_505
========================================
========================================
Processing S_506
========================================
========================================
Processing S_507
========================================
========================================
Processing S_508
========================================
========================================
Processing S_509
========================================
========================================
Processing S_510
========================================
========================================
Processing S_511
========================================
========================================
Processing S_512
========================================
========================================
Processing S_513
========================================
========================================
Processing S_514
========================================
========================================
Processing S_515
========================================
========================================
Processing S_516
========================================
========================================
Processing S_517
========================================
========================================
Processing S_518
========================================
========================================
Processing S_519
========================================
========================================
Processing S_520
========================================
========================================
Processing S_521
========================================
========================================
Processing S_522
========================================
========================================
Processing S_523
========================================
========================================
Processing S_524
========================================
========================================
Processing S_525
========================================
========================================
Processing S_526
========================================
========================================
Processing S_527
========================================
========================================
Processing S_528
========================================
========================================
Processing S_529
========================================
========================================
Processing S_530
========================================
========================================
Processing S_531
========================================
========================================
Processing S_532
========================================
========================================
Processing S_533
========================================
========================================
Processing S_534
========================================
========================================
Processing S_535
========================================
========================================
Processing S_536
========================================
========================================
Processing S_537
========================================
========================================
Processing S_538
========================================
========================================
Processing S_539
========================================
========================================
Processing S_540
========================================
========================================
Processing S_541
========================================
========================================
Processing S_542
========================================
========================================
Processing S_543
========================================
========================================
Processing S_544
========================================
========================================
Processing S_545
========================================
========================================
Processing S_546
========================================
========================================
Processing S_547
========================================
========================================
Processing S_548
========================================
========================================
Processing S_549
========================================
========================================
Processing S_550
========================================
Completed 550 graphs
========================================
Processing S_551
========================================
========================================
Processing S_552
========================================
========================================
Processing S_553
========================================
========================================
Processing S_554
========================================
========================================
Processing S_555
========================================
========================================
Processing S_556
========================================
========================================
Processing S_557
========================================
========================================
Processing S_558
========================================
========================================
Processing S_559
========================================
========================================
Processing S_560
========================================
========================================
Processing S_561
========================================
========================================
Processing S_562
========================================
========================================
Processing S_563
========================================
========================================
Processing S_564
========================================
========================================
Processing S_565
========================================
========================================
Processing S_566
========================================
========================================
Processing S_567
========================================
========================================
Processing S_568
========================================
========================================
Processing S_569
========================================
========================================
Processing S_570
========================================
========================================
Processing S_571
========================================
========================================
Processing S_572
========================================
========================================
Processing S_573
========================================
========================================
Processing S_574
========================================
========================================
Processing S_575
========================================
========================================
Processing S_576
========================================
========================================
Processing S_577
========================================
========================================
Processing S_578
========================================
========================================
Processing S_579
========================================
========================================
Processing S_580
========================================
========================================
Processing S_581
========================================
========================================
Processing S_582
========================================
========================================
Processing S_583
========================================
========================================
Processing S_584
========================================
========================================
Processing S_585
========================================
========================================
Processing S_586
========================================
========================================
Processing S_587
========================================
========================================
Processing S_588
========================================
========================================
Processing S_589
========================================
========================================
Processing S_590
========================================
========================================
Processing S_591
========================================
========================================
Processing S_592
========================================
========================================
Processing S_593
========================================
========================================
Processing S_594
========================================
========================================
Processing S_595
========================================
========================================
Processing S_596
========================================
========================================
Processing S_597
========================================
========================================
Processing S_598
========================================
========================================
Processing S_599
========================================
========================================
Processing S_600
========================================
Completed 600 graphs
========================================
Processing S_601
========================================
========================================
Processing S_602
========================================
========================================
Processing S_603
========================================
========================================
Processing S_604
========================================
========================================
Processing S_605
========================================
========================================
Processing S_606
========================================
========================================
Processing S_607
========================================
========================================
Processing S_608
========================================
========================================
Processing S_609
========================================
========================================
Processing S_610
========================================
========================================
Processing S_611
========================================
========================================
Processing S_612
========================================
========================================
Processing S_613
========================================
========================================
Processing S_614
========================================
========================================
Processing S_615
========================================
========================================
Processing S_616
========================================
========================================
Processing S_617
========================================
========================================
Processing S_618
========================================
========================================
Processing S_619
========================================
========================================
Processing S_620
========================================
========================================
Processing S_621
========================================
========================================
Processing S_622
========================================
========================================
Processing S_623
========================================
========================================
Processing S_624
========================================
========================================
Processing S_625
========================================
========================================
Processing S_626
========================================
========================================
Processing S_627
========================================
========================================
Processing S_628
========================================
========================================
Processing S_629
========================================
========================================
Processing S_630
========================================
========================================
Processing S_631
========================================
========================================
Processing S_632
========================================
========================================
Processing S_633
========================================
========================================
Processing S_634
========================================
========================================
Processing S_635
========================================
========================================
Processing S_636
========================================
========================================
Processing S_637
========================================
========================================
Processing S_638
========================================
========================================
Processing S_639
========================================
========================================
Processing S_640
========================================
========================================
Processing S_641
========================================
========================================
Processing S_642
========================================
========================================
Processing S_643
========================================
========================================
Processing S_644
========================================
========================================
Processing S_645
========================================
========================================
Processing S_646
========================================
========================================
Processing S_647
========================================
========================================
Processing S_648
========================================
========================================
Processing S_649
========================================
========================================
Processing S_650
========================================
Completed 650 graphs
========================================
Processing S_651
========================================
========================================
Processing S_652
========================================
========================================
Processing S_653
========================================
========================================
Processing S_654
========================================
========================================
Processing S_655
========================================
========================================
Processing S_656
========================================
========================================
Processing S_657
========================================
========================================
Processing S_658
========================================
========================================
Processing S_659
========================================
========================================
Processing S_660
========================================
========================================
Processing S_661
========================================
========================================
Processing S_662
========================================
========================================
Processing S_663
========================================
========================================
Processing S_664
========================================
========================================
Processing S_665
========================================
========================================
Processing S_666
========================================
========================================
Processing S_667
========================================
========================================
Processing S_668
========================================
========================================
Processing S_669
========================================
========================================
Processing S_670
========================================
========================================
Processing S_671
========================================
========================================
Processing S_672
========================================
========================================
Processing S_673
========================================
========================================
Processing S_674
========================================
========================================
Processing S_675
========================================
========================================
Processing S_676
========================================
========================================
Processing S_677
========================================
========================================
Processing S_678
========================================
========================================
Processing S_679
========================================
========================================
Processing S_680
========================================
========================================
Processing S_681
========================================
========================================
Processing S_682
========================================
========================================
Processing S_683
========================================
========================================
Processing S_684
========================================
========================================
Processing S_685
========================================
========================================
Processing S_686
========================================
========================================
Processing S_687
========================================
========================================
Processing S_688
========================================
========================================
Processing S_689
========================================
========================================
Processing S_690
========================================
========================================
Processing S_691
========================================
========================================
Processing S_692
========================================
========================================
Processing S_693
========================================
========================================
Processing S_694
========================================
========================================
Processing S_695
========================================
========================================
Processing S_696
========================================
========================================
Processing S_697
========================================
========================================
Processing S_698
========================================
========================================
Processing S_699
========================================
========================================
Processing S_700
========================================
Completed 700 graphs
========================================
Processing S_701
========================================
========================================
Processing S_702
========================================
========================================
Processing S_703
========================================
========================================
Processing S_704
========================================
========================================
Processing S_705
========================================
========================================
Processing S_706
========================================
========================================
Processing S_707
========================================
========================================
Processing S_708
========================================
========================================
Processing S_709
========================================
========================================
Processing S_710
========================================
========================================
Processing S_711
========================================
========================================
Processing S_712
========================================
========================================
Processing S_713
========================================
========================================
Processing S_714
========================================
========================================
Processing S_715
========================================
========================================
Processing S_716
========================================
========================================
Processing S_717
========================================
========================================
Processing S_718
========================================
========================================
Processing S_719
========================================
========================================
Processing S_720
========================================
========================================
Processing S_721
========================================
========================================
Processing S_722
========================================
========================================
Processing S_723
========================================
========================================
Processing S_724
========================================
========================================
Processing S_725
========================================
========================================
Processing S_726
========================================
========================================
Processing S_727
========================================
========================================
Processing S_728
========================================
========================================
Processing S_729
========================================
========================================
Processing S_730
========================================
========================================
Processing S_731
========================================
========================================
Processing S_732
========================================
========================================
Processing S_733
========================================
========================================
Processing S_734
========================================
========================================
Processing S_735
========================================
========================================
Processing S_736
========================================
========================================
Processing S_737
========================================
========================================
Processing S_738
========================================
========================================
Processing S_739
========================================
========================================
Processing S_740
========================================
========================================
Processing S_741
========================================
========================================
Processing S_742
========================================
========================================
Processing S_743
========================================
========================================
Processing S_744
========================================
========================================
Processing S_745
========================================
========================================
Processing S_746
========================================
========================================
Processing S_747
========================================
========================================
Processing S_748
========================================
========================================
Processing S_749
========================================
========================================
Processing S_750
========================================
Completed 750 graphs
========================================
Processing S_751
========================================
========================================
Processing S_752
========================================
========================================
Processing S_753
========================================
========================================
Processing S_754
========================================
========================================
Processing S_755
========================================
========================================
Processing S_756
========================================
========================================
Processing S_757
========================================
========================================
Processing S_758
========================================
========================================
Processing S_759
========================================
========================================
Processing S_760
========================================
========================================
Processing S_761
========================================
========================================
Processing S_762
========================================
========================================
Processing S_763
========================================
========================================
Processing S_764
========================================
========================================
Processing S_765
========================================
========================================
Processing S_766
========================================
========================================
Processing S_767
========================================
========================================
Processing S_768
========================================
========================================
Processing S_769
========================================
========================================
Processing S_770
========================================
========================================
Processing S_771
========================================
========================================
Processing S_772
========================================
========================================
Processing S_773
========================================
========================================
Processing S_774
========================================
========================================
Processing S_775
========================================
========================================
Processing S_776
========================================
========================================
Processing S_777
========================================
========================================
Processing S_778
========================================
========================================
Processing S_779
========================================
========================================
Processing S_780
========================================
========================================
Processing S_781
========================================
========================================
Processing S_782
========================================
========================================
Processing S_783
========================================
========================================
Processing S_784
========================================
========================================
Processing S_785
========================================
========================================
Processing S_786
========================================
========================================
Processing S_787
========================================
========================================
Processing S_788
========================================
========================================
Processing S_789
========================================
========================================
Processing S_790
========================================
========================================
Processing S_791
========================================
========================================
Processing S_792
========================================
========================================
Processing S_793
========================================
========================================
Processing S_794
========================================
========================================
Processing S_795
========================================
========================================
Processing S_796
========================================
========================================
Processing S_797
========================================
========================================
Processing S_798
========================================
========================================
Processing S_799
========================================
========================================
Processing S_800
========================================
Completed 800 graphs
========================================
Processing S_801
========================================
========================================
Processing S_802
========================================
========================================
Processing S_803
========================================
========================================
Processing S_804
========================================
========================================
Processing S_805
========================================
========================================
Processing S_806
========================================
========================================
Processing S_807
========================================
========================================
Processing S_808
========================================
========================================
Processing S_809
========================================
========================================
Processing S_810
========================================
========================================
Processing S_811
========================================
========================================
Processing S_812
========================================
========================================
Processing S_813
========================================
========================================
Processing S_814
========================================
========================================
Processing S_815
========================================
========================================
Processing S_816
========================================
========================================
Processing S_817
========================================
========================================
Processing S_818
========================================
========================================
Processing S_819
========================================
========================================
Processing S_820
========================================
========================================
Processing S_821
========================================
========================================
Processing S_822
========================================
========================================
Processing S_823
========================================
========================================
Processing S_824
========================================
========================================
Processing S_825
========================================
========================================
Processing S_826
========================================
========================================
Processing S_827
========================================
========================================
Processing S_828
========================================
========================================
Processing S_829
========================================
========================================
Processing S_830
========================================
========================================
Processing S_831
========================================
========================================
Processing S_832
========================================
========================================
Processing S_833
========================================
========================================
Processing S_834
========================================
========================================
Processing S_835
========================================
========================================
Processing S_836
========================================
========================================
Processing S_837
========================================
========================================
Processing S_838
========================================
========================================
Processing S_839
========================================
========================================
Processing S_840
========================================
========================================
Processing S_841
========================================
========================================
Processing S_842
========================================
========================================
Processing S_843
========================================
========================================
Processing S_844
========================================
========================================
Processing S_845
========================================
========================================
Processing S_846
========================================
========================================
Processing S_847
========================================
========================================
Processing S_848
========================================
========================================
Processing S_849
========================================
========================================
Processing S_850
========================================
Completed 850 graphs
========================================
Processing S_851
========================================
========================================
Processing S_852
========================================
========================================
Processing S_853
========================================
========================================
Processing S_854
========================================
========================================
Processing S_855
========================================
========================================
Processing S_856
========================================
========================================
Processing S_857
========================================
========================================
Processing S_858
========================================
========================================
Processing S_859
========================================
========================================
Processing S_860
========================================
========================================
Processing S_861
========================================
========================================
Processing S_862
========================================
========================================
Processing S_863
========================================
========================================
Processing S_864
========================================
========================================
Processing S_865
========================================
========================================
Processing S_866
========================================
========================================
Processing S_867
========================================
========================================
Processing S_868
========================================
========================================
Processing S_869
========================================
========================================
Processing S_870
========================================
========================================
Processing S_871
========================================
========================================
Processing S_872
========================================
========================================
Processing S_873
========================================
========================================
Processing S_874
========================================
========================================
Processing S_875
========================================
========================================
Processing S_876
========================================
========================================
Processing S_877
========================================
========================================
Processing S_878
========================================
========================================
Processing S_879
========================================
========================================
Processing S_880
========================================
========================================
Processing S_881
========================================
========================================
Processing S_882
========================================
========================================
Processing S_883
========================================
========================================
Processing S_884
========================================
========================================
Processing S_885
========================================
========================================
Processing S_886
========================================
========================================
Processing S_887
========================================
========================================
Processing S_888
========================================
========================================
Processing S_889
========================================
========================================
Processing S_890
========================================
========================================
Processing S_891
========================================
========================================
Processing S_892
========================================
========================================
Processing S_893
========================================
========================================
Processing S_894
========================================
========================================
Processing S_895
========================================
========================================
Processing S_896
========================================
========================================
Processing S_897
========================================
========================================
Processing S_898
========================================
========================================
Processing S_899
========================================
========================================
Processing S_900
========================================
Completed 900 graphs
========================================
Processing S_901
========================================
========================================
Processing S_902
========================================
========================================
Processing S_903
========================================
========================================
Processing S_904
========================================
========================================
Processing S_905
========================================
========================================
Processing S_906
========================================
========================================
Processing S_907
========================================
========================================
Processing S_908
========================================
========================================
Processing S_909
========================================
========================================
Processing S_910
========================================
========================================
Processing S_911
========================================
========================================
Processing S_912
========================================
========================================
Processing S_913
========================================
========================================
Processing S_914
========================================
========================================
Processing S_915
========================================
========================================
Processing S_916
========================================
========================================
Processing S_917
========================================
========================================
Processing S_918
========================================
========================================
Processing S_919
========================================
========================================
Processing S_920
========================================
========================================
Processing S_921
========================================
========================================
Processing S_922
========================================
========================================
Processing S_923
========================================
========================================
Processing S_924
========================================
========================================
Processing S_925
========================================
========================================
Processing S_926
========================================
========================================
Processing S_927
========================================
========================================
Processing S_928
========================================
========================================
Processing S_929
========================================
========================================
Processing S_930
========================================
========================================
Processing S_931
========================================
========================================
Processing S_932
========================================
========================================
Processing S_933
========================================
========================================
Processing S_934
========================================
========================================
Processing S_935
========================================
========================================
Processing S_936
========================================
========================================
Processing S_937
========================================
========================================
Processing S_938
========================================
========================================
Processing S_939
========================================
========================================
Processing S_940
========================================
========================================
Processing S_941
========================================
========================================
Processing S_942
========================================
========================================
Processing S_943
========================================
========================================
Processing S_944
========================================
========================================
Processing S_945
========================================
========================================
Processing S_946
========================================
========================================
Processing S_947
========================================
========================================
Processing S_948
========================================
========================================
Processing S_949
========================================
========================================
Processing S_950
========================================
Completed 950 graphs
========================================
Processing S_951
========================================
========================================
Processing S_952
========================================
========================================
Processing S_953
========================================
========================================
Processing S_954
========================================
========================================
Processing S_955
========================================
========================================
Processing S_956
========================================
========================================
Processing S_957
========================================
========================================
Processing S_958
========================================
========================================
Processing S_959
========================================
========================================
Processing S_960
========================================
========================================
Processing S_961
========================================
========================================
Processing S_962
========================================
========================================
Processing S_963
========================================
========================================
Processing S_964
========================================
========================================
Processing S_965
========================================
========================================
Processing S_966
========================================
========================================
Processing S_967
========================================
========================================
Processing S_968
========================================
========================================
Processing S_969
========================================
========================================
Processing S_970
========================================
========================================
Processing S_971
========================================
========================================
Processing S_972
========================================
========================================
Processing S_973
========================================
========================================
Processing S_974
========================================
========================================
Processing S_975
========================================
========================================
Processing S_976
========================================
========================================
Processing S_977
========================================
========================================
Processing S_978
========================================
========================================
Processing S_979
========================================
========================================
Processing S_980
========================================
========================================
Processing S_981
========================================
========================================
Processing S_982
========================================
========================================
Processing S_983
========================================
========================================
Processing S_984
========================================
========================================
Processing S_985
========================================
========================================
Processing S_986
========================================
========================================
Processing S_987
========================================
========================================
Processing S_988
========================================
========================================
Processing S_989
========================================
========================================
Processing S_990
========================================
========================================
Processing S_991
========================================
========================================
Processing S_992
========================================
========================================
Processing S_993
========================================
========================================
Processing S_994
========================================
========================================
Processing S_995
========================================
========================================
Processing S_996
========================================
========================================
Processing S_997
========================================
========================================
Processing S_998
========================================
========================================
Processing S_999
========================================
========================================
Processing S_1000
========================================
Completed 1000 graphs

Not found in G: 1000
Finished.
Graphs with no match in G: 1000
Summary CSV: local_tests/figure1_toy_models/recovery_results/unique_color/k_1/summary.csv
Summary text: local_tests/figure1_toy_models/recovery_results/unique_color/k_1/summary.txt
Patterns with size different from k=1: 0
Calibrating unique_pair k=1 on S_1, threshold=0
========================================
Processing S_1
========================================

Not found in G: 0
Finished.
Graphs with no match in G: 0
Summary CSV: local_tests/figure1_toy_models/recovery_results/calibration/unique_pair/k_1/summary.csv
Summary text: local_tests/figure1_toy_models/recovery_results/calibration/unique_pair/k_1/summary.txt
Patterns with size different from k=1: 0
Running all unique_pair graphs at k=1 with calibrated threshold=0
========================================
Processing S_1
========================================
========================================
Processing S_2
========================================
========================================
Processing S_3
========================================
========================================
Processing S_4
========================================
========================================
Processing S_5
========================================
========================================
Processing S_6
========================================
========================================
Processing S_7
========================================
========================================
Processing S_8
========================================
========================================
Processing S_9
========================================
========================================
Processing S_10
========================================
========================================
Processing S_11
========================================
========================================
Processing S_12
========================================
========================================
Processing S_13
========================================
========================================
Processing S_14
========================================
========================================
Processing S_15
========================================
========================================
Processing S_16
========================================
========================================
Processing S_17
========================================
========================================
Processing S_18
========================================
========================================
Processing S_19
========================================
========================================
Processing S_20
========================================
========================================
Processing S_21
========================================
========================================
Processing S_22
========================================
========================================
Processing S_23
========================================
========================================
Processing S_24
========================================
========================================
Processing S_25
========================================
========================================
Processing S_26
========================================
========================================
Processing S_27
========================================
========================================
Processing S_28
========================================
========================================
Processing S_29
========================================
========================================
Processing S_30
========================================
========================================
Processing S_31
========================================
========================================
Processing S_32
========================================
========================================
Processing S_33
========================================
========================================
Processing S_34
========================================
========================================
Processing S_35
========================================
========================================
Processing S_36
========================================
========================================
Processing S_37
========================================
========================================
Processing S_38
========================================
========================================
Processing S_39
========================================
========================================
Processing S_40
========================================
========================================
Processing S_41
========================================
========================================
Processing S_42
========================================
========================================
Processing S_43
========================================
========================================
Processing S_44
========================================
========================================
Processing S_45
========================================
========================================
Processing S_46
========================================
========================================
Processing S_47
========================================
========================================
Processing S_48
========================================
========================================
Processing S_49
========================================
========================================
Processing S_50
========================================
Completed 50 graphs
========================================
Processing S_51
========================================
========================================
Processing S_52
========================================
========================================
Processing S_53
========================================
========================================
Processing S_54
========================================
========================================
Processing S_55
========================================
========================================
Processing S_56
========================================
========================================
Processing S_57
========================================
========================================
Processing S_58
========================================
========================================
Processing S_59
========================================
========================================
Processing S_60
========================================
========================================
Processing S_61
========================================
========================================
Processing S_62
========================================
========================================
Processing S_63
========================================
========================================
Processing S_64
========================================
========================================
Processing S_65
========================================
========================================
Processing S_66
========================================
========================================
Processing S_67
========================================
========================================
Processing S_68
========================================
========================================
Processing S_69
========================================
========================================
Processing S_70
========================================
========================================
Processing S_71
========================================
========================================
Processing S_72
========================================
========================================
Processing S_73
========================================
========================================
Processing S_74
========================================
========================================
Processing S_75
========================================
========================================
Processing S_76
========================================
========================================
Processing S_77
========================================
========================================
Processing S_78
========================================
========================================
Processing S_79
========================================
========================================
Processing S_80
========================================
========================================
Processing S_81
========================================
========================================
Processing S_82
========================================
========================================
Processing S_83
========================================
========================================
Processing S_84
========================================
========================================
Processing S_85
========================================
========================================
Processing S_86
========================================
========================================
Processing S_87
========================================
========================================
Processing S_88
========================================
========================================
Processing S_89
========================================
========================================
Processing S_90
========================================
========================================
Processing S_91
========================================
========================================
Processing S_92
========================================
========================================
Processing S_93
========================================
========================================
Processing S_94
========================================
========================================
Processing S_95
========================================
========================================
Processing S_96
========================================
========================================
Processing S_97
========================================
========================================
Processing S_98
========================================
========================================
Processing S_99
========================================
========================================
Processing S_100
========================================
Completed 100 graphs
========================================
Processing S_101
========================================
========================================
Processing S_102
========================================
========================================
Processing S_103
========================================
========================================
Processing S_104
========================================
========================================
Processing S_105
========================================
========================================
Processing S_106
========================================
========================================
Processing S_107
========================================
========================================
Processing S_108
========================================
========================================
Processing S_109
========================================
========================================
Processing S_110
========================================
========================================
Processing S_111
========================================
========================================
Processing S_112
========================================
========================================
Processing S_113
========================================
========================================
Processing S_114
========================================
========================================
Processing S_115
========================================
========================================
Processing S_116
========================================
========================================
Processing S_117
========================================
========================================
Processing S_118
========================================
========================================
Processing S_119
========================================
========================================
Processing S_120
========================================
========================================
Processing S_121
========================================
========================================
Processing S_122
========================================
========================================
Processing S_123
========================================
========================================
Processing S_124
========================================
========================================
Processing S_125
========================================
========================================
Processing S_126
========================================
========================================
Processing S_127
========================================
========================================
Processing S_128
========================================
========================================
Processing S_129
========================================
========================================
Processing S_130
========================================
========================================
Processing S_131
========================================
========================================
Processing S_132
========================================
========================================
Processing S_133
========================================
========================================
Processing S_134
========================================
========================================
Processing S_135
========================================
========================================
Processing S_136
========================================
========================================
Processing S_137
========================================
========================================
Processing S_138
========================================
========================================
Processing S_139
========================================
========================================
Processing S_140
========================================
========================================
Processing S_141
========================================
========================================
Processing S_142
========================================
========================================
Processing S_143
========================================
========================================
Processing S_144
========================================
========================================
Processing S_145
========================================
========================================
Processing S_146
========================================
========================================
Processing S_147
========================================
========================================
Processing S_148
========================================
========================================
Processing S_149
========================================
========================================
Processing S_150
========================================
Completed 150 graphs
========================================
Processing S_151
========================================
========================================
Processing S_152
========================================
========================================
Processing S_153
========================================
========================================
Processing S_154
========================================
========================================
Processing S_155
========================================
========================================
Processing S_156
========================================
========================================
Processing S_157
========================================
========================================
Processing S_158
========================================
========================================
Processing S_159
========================================
========================================
Processing S_160
========================================
========================================
Processing S_161
========================================
========================================
Processing S_162
========================================
========================================
Processing S_163
========================================
========================================
Processing S_164
========================================
========================================
Processing S_165
========================================
========================================
Processing S_166
========================================
========================================
Processing S_167
========================================
========================================
Processing S_168
========================================
========================================
Processing S_169
========================================
========================================
Processing S_170
========================================
========================================
Processing S_171
========================================
========================================
Processing S_172
========================================
========================================
Processing S_173
========================================
========================================
Processing S_174
========================================
========================================
Processing S_175
========================================
========================================
Processing S_176
========================================
========================================
Processing S_177
========================================
========================================
Processing S_178
========================================
========================================
Processing S_179
========================================
========================================
Processing S_180
========================================
========================================
Processing S_181
========================================
========================================
Processing S_182
========================================
========================================
Processing S_183
========================================
========================================
Processing S_184
========================================
========================================
Processing S_185
========================================
========================================
Processing S_186
========================================
========================================
Processing S_187
========================================
========================================
Processing S_188
========================================
========================================
Processing S_189
========================================
========================================
Processing S_190
========================================
========================================
Processing S_191
========================================
========================================
Processing S_192
========================================
========================================
Processing S_193
========================================
========================================
Processing S_194
========================================
========================================
Processing S_195
========================================
========================================
Processing S_196
========================================
========================================
Processing S_197
========================================
========================================
Processing S_198
========================================
========================================
Processing S_199
========================================
========================================
Processing S_200
========================================
Completed 200 graphs
========================================
Processing S_201
========================================
========================================
Processing S_202
========================================
========================================
Processing S_203
========================================
========================================
Processing S_204
========================================
========================================
Processing S_205
========================================
========================================
Processing S_206
========================================
========================================
Processing S_207
========================================
========================================
Processing S_208
========================================
========================================
Processing S_209
========================================
========================================
Processing S_210
========================================
========================================
Processing S_211
========================================
========================================
Processing S_212
========================================
========================================
Processing S_213
========================================
========================================
Processing S_214
========================================
========================================
Processing S_215
========================================
========================================
Processing S_216
========================================
========================================
Processing S_217
========================================
========================================
Processing S_218
========================================
========================================
Processing S_219
========================================
========================================
Processing S_220
========================================
========================================
Processing S_221
========================================
========================================
Processing S_222
========================================
========================================
Processing S_223
========================================
========================================
Processing S_224
========================================
========================================
Processing S_225
========================================
========================================
Processing S_226
========================================
========================================
Processing S_227
========================================
========================================
Processing S_228
========================================
========================================
Processing S_229
========================================
========================================
Processing S_230
========================================
========================================
Processing S_231
========================================
========================================
Processing S_232
========================================
========================================
Processing S_233
========================================
========================================
Processing S_234
========================================
========================================
Processing S_235
========================================
========================================
Processing S_236
========================================
========================================
Processing S_237
========================================
========================================
Processing S_238
========================================
========================================
Processing S_239
========================================
========================================
Processing S_240
========================================
========================================
Processing S_241
========================================
========================================
Processing S_242
========================================
========================================
Processing S_243
========================================
========================================
Processing S_244
========================================
========================================
Processing S_245
========================================
========================================
Processing S_246
========================================
========================================
Processing S_247
========================================
========================================
Processing S_248
========================================
========================================
Processing S_249
========================================
========================================
Processing S_250
========================================
Completed 250 graphs
========================================
Processing S_251
========================================
========================================
Processing S_252
========================================
========================================
Processing S_253
========================================
========================================
Processing S_254
========================================
========================================
Processing S_255
========================================
========================================
Processing S_256
========================================
========================================
Processing S_257
========================================
========================================
Processing S_258
========================================
========================================
Processing S_259
========================================
========================================
Processing S_260
========================================
========================================
Processing S_261
========================================
========================================
Processing S_262
========================================
========================================
Processing S_263
========================================
========================================
Processing S_264
========================================
========================================
Processing S_265
========================================
========================================
Processing S_266
========================================
========================================
Processing S_267
========================================
========================================
Processing S_268
========================================
========================================
Processing S_269
========================================
========================================
Processing S_270
========================================
========================================
Processing S_271
========================================
========================================
Processing S_272
========================================
========================================
Processing S_273
========================================
========================================
Processing S_274
========================================
========================================
Processing S_275
========================================
========================================
Processing S_276
========================================
========================================
Processing S_277
========================================
========================================
Processing S_278
========================================
========================================
Processing S_279
========================================
========================================
Processing S_280
========================================
========================================
Processing S_281
========================================
========================================
Processing S_282
========================================
========================================
Processing S_283
========================================
========================================
Processing S_284
========================================
========================================
Processing S_285
========================================
========================================
Processing S_286
========================================
========================================
Processing S_287
========================================
========================================
Processing S_288
========================================
========================================
Processing S_289
========================================
========================================
Processing S_290
========================================
========================================
Processing S_291
========================================
========================================
Processing S_292
========================================
========================================
Processing S_293
========================================
========================================
Processing S_294
========================================
========================================
Processing S_295
========================================
========================================
Processing S_296
========================================
========================================
Processing S_297
========================================
========================================
Processing S_298
========================================
========================================
Processing S_299
========================================
========================================
Processing S_300
========================================
Completed 300 graphs
========================================
Processing S_301
========================================
========================================
Processing S_302
========================================
========================================
Processing S_303
========================================
========================================
Processing S_304
========================================
========================================
Processing S_305
========================================
========================================
Processing S_306
========================================
========================================
Processing S_307
========================================
========================================
Processing S_308
========================================
========================================
Processing S_309
========================================
========================================
Processing S_310
========================================
========================================
Processing S_311
========================================
========================================
Processing S_312
========================================
========================================
Processing S_313
========================================
========================================
Processing S_314
========================================
========================================
Processing S_315
========================================
========================================
Processing S_316
========================================
========================================
Processing S_317
========================================
========================================
Processing S_318
========================================
========================================
Processing S_319
========================================
========================================
Processing S_320
========================================
========================================
Processing S_321
========================================
========================================
Processing S_322
========================================
========================================
Processing S_323
========================================
========================================
Processing S_324
========================================
========================================
Processing S_325
========================================
========================================
Processing S_326
========================================
========================================
Processing S_327
========================================
========================================
Processing S_328
========================================
========================================
Processing S_329
========================================
========================================
Processing S_330
========================================
========================================
Processing S_331
========================================
========================================
Processing S_332
========================================
========================================
Processing S_333
========================================
========================================
Processing S_334
========================================
========================================
Processing S_335
========================================
========================================
Processing S_336
========================================
========================================
Processing S_337
========================================
========================================
Processing S_338
========================================
========================================
Processing S_339
========================================
========================================
Processing S_340
========================================
========================================
Processing S_341
========================================
========================================
Processing S_342
========================================
========================================
Processing S_343
========================================
========================================
Processing S_344
========================================
========================================
Processing S_345
========================================
========================================
Processing S_346
========================================
========================================
Processing S_347
========================================
========================================
Processing S_348
========================================
========================================
Processing S_349
========================================
========================================
Processing S_350
========================================
Completed 350 graphs
========================================
Processing S_351
========================================
========================================
Processing S_352
========================================
========================================
Processing S_353
========================================
========================================
Processing S_354
========================================
========================================
Processing S_355
========================================
========================================
Processing S_356
========================================
========================================
Processing S_357
========================================
========================================
Processing S_358
========================================
========================================
Processing S_359
========================================
========================================
Processing S_360
========================================
========================================
Processing S_361
========================================
========================================
Processing S_362
========================================
========================================
Processing S_363
========================================
========================================
Processing S_364
========================================
========================================
Processing S_365
========================================
========================================
Processing S_366
========================================
========================================
Processing S_367
========================================
========================================
Processing S_368
========================================
========================================
Processing S_369
========================================
========================================
Processing S_370
========================================
========================================
Processing S_371
========================================
========================================
Processing S_372
========================================
========================================
Processing S_373
========================================
========================================
Processing S_374
========================================
========================================
Processing S_375
========================================
========================================
Processing S_376
========================================
========================================
Processing S_377
========================================
========================================
Processing S_378
========================================
========================================
Processing S_379
========================================
========================================
Processing S_380
========================================
========================================
Processing S_381
========================================
========================================
Processing S_382
========================================
========================================
Processing S_383
========================================
========================================
Processing S_384
========================================
========================================
Processing S_385
========================================
========================================
Processing S_386
========================================
========================================
Processing S_387
========================================
========================================
Processing S_388
========================================
========================================
Processing S_389
========================================
========================================
Processing S_390
========================================
========================================
Processing S_391
========================================
========================================
Processing S_392
========================================
========================================
Processing S_393
========================================
========================================
Processing S_394
========================================
========================================
Processing S_395
========================================
========================================
Processing S_396
========================================
========================================
Processing S_397
========================================
========================================
Processing S_398
========================================
========================================
Processing S_399
========================================
========================================
Processing S_400
========================================
Completed 400 graphs
========================================
Processing S_401
========================================
========================================
Processing S_402
========================================
========================================
Processing S_403
========================================
========================================
Processing S_404
========================================
========================================
Processing S_405
========================================
========================================
Processing S_406
========================================
========================================
Processing S_407
========================================
========================================
Processing S_408
========================================
========================================
Processing S_409
========================================
========================================
Processing S_410
========================================
========================================
Processing S_411
========================================
========================================
Processing S_412
========================================
========================================
Processing S_413
========================================
========================================
Processing S_414
========================================
========================================
Processing S_415
========================================
========================================
Processing S_416
========================================
========================================
Processing S_417
========================================
========================================
Processing S_418
========================================
========================================
Processing S_419
========================================
========================================
Processing S_420
========================================
========================================
Processing S_421
========================================
========================================
Processing S_422
========================================
========================================
Processing S_423
========================================
========================================
Processing S_424
========================================
========================================
Processing S_425
========================================
========================================
Processing S_426
========================================
========================================
Processing S_427
========================================
========================================
Processing S_428
========================================
========================================
Processing S_429
========================================
========================================
Processing S_430
========================================
========================================
Processing S_431
========================================
========================================
Processing S_432
========================================
========================================
Processing S_433
========================================
========================================
Processing S_434
========================================
========================================
Processing S_435
========================================
========================================
Processing S_436
========================================
========================================
Processing S_437
========================================
========================================
Processing S_438
========================================
========================================
Processing S_439
========================================
========================================
Processing S_440
========================================
========================================
Processing S_441
========================================
========================================
Processing S_442
========================================
========================================
Processing S_443
========================================
========================================
Processing S_444
========================================
========================================
Processing S_445
========================================
========================================
Processing S_446
========================================
========================================
Processing S_447
========================================
========================================
Processing S_448
========================================
========================================
Processing S_449
========================================
========================================
Processing S_450
========================================
Completed 450 graphs
========================================
Processing S_451
========================================
========================================
Processing S_452
========================================
========================================
Processing S_453
========================================
========================================
Processing S_454
========================================
========================================
Processing S_455
========================================
========================================
Processing S_456
========================================
========================================
Processing S_457
========================================
========================================
Processing S_458
========================================
========================================
Processing S_459
========================================
========================================
Processing S_460
========================================
========================================
Processing S_461
========================================
========================================
Processing S_462
========================================
========================================
Processing S_463
========================================
========================================
Processing S_464
========================================
========================================
Processing S_465
========================================
========================================
Processing S_466
========================================
========================================
Processing S_467
========================================
========================================
Processing S_468
========================================
========================================
Processing S_469
========================================
========================================
Processing S_470
========================================
========================================
Processing S_471
========================================
========================================
Processing S_472
========================================
========================================
Processing S_473
========================================
========================================
Processing S_474
========================================
========================================
Processing S_475
========================================
========================================
Processing S_476
========================================
========================================
Processing S_477
========================================
========================================
Processing S_478
========================================
========================================
Processing S_479
========================================
========================================
Processing S_480
========================================
========================================
Processing S_481
========================================
========================================
Processing S_482
========================================
========================================
Processing S_483
========================================
========================================
Processing S_484
========================================
========================================
Processing S_485
========================================
========================================
Processing S_486
========================================
========================================
Processing S_487
========================================
========================================
Processing S_488
========================================
========================================
Processing S_489
========================================
========================================
Processing S_490
========================================
========================================
Processing S_491
========================================
========================================
Processing S_492
========================================
========================================
Processing S_493
========================================
========================================
Processing S_494
========================================
========================================
Processing S_495
========================================
========================================
Processing S_496
========================================
========================================
Processing S_497
========================================
========================================
Processing S_498
========================================
========================================
Processing S_499
========================================
========================================
Processing S_500
========================================
Completed 500 graphs
========================================
Processing S_501
========================================
========================================
Processing S_502
========================================
========================================
Processing S_503
========================================
========================================
Processing S_504
========================================
========================================
Processing S_505
========================================
========================================
Processing S_506
========================================
========================================
Processing S_507
========================================
========================================
Processing S_508
========================================
========================================
Processing S_509
========================================
========================================
Processing S_510
========================================
========================================
Processing S_511
========================================
========================================
Processing S_512
========================================
========================================
Processing S_513
========================================
========================================
Processing S_514
========================================
========================================
Processing S_515
========================================
========================================
Processing S_516
========================================
========================================
Processing S_517
========================================
========================================
Processing S_518
========================================
========================================
Processing S_519
========================================
========================================
Processing S_520
========================================
========================================
Processing S_521
========================================
========================================
Processing S_522
========================================
========================================
Processing S_523
========================================
========================================
Processing S_524
========================================
========================================
Processing S_525
========================================
========================================
Processing S_526
========================================
========================================
Processing S_527
========================================
========================================
Processing S_528
========================================
========================================
Processing S_529
========================================
========================================
Processing S_530
========================================
========================================
Processing S_531
========================================
========================================
Processing S_532
========================================
========================================
Processing S_533
========================================
========================================
Processing S_534
========================================
========================================
Processing S_535
========================================
========================================
Processing S_536
========================================
========================================
Processing S_537
========================================
========================================
Processing S_538
========================================
========================================
Processing S_539
========================================
========================================
Processing S_540
========================================
========================================
Processing S_541
========================================
========================================
Processing S_542
========================================
========================================
Processing S_543
========================================
========================================
Processing S_544
========================================
========================================
Processing S_545
========================================
========================================
Processing S_546
========================================
========================================
Processing S_547
========================================
========================================
Processing S_548
========================================
========================================
Processing S_549
========================================
========================================
Processing S_550
========================================
Completed 550 graphs
========================================
Processing S_551
========================================
========================================
Processing S_552
========================================
========================================
Processing S_553
========================================
========================================
Processing S_554
========================================
========================================
Processing S_555
========================================
========================================
Processing S_556
========================================
========================================
Processing S_557
========================================
========================================
Processing S_558
========================================
========================================
Processing S_559
========================================
========================================
Processing S_560
========================================
========================================
Processing S_561
========================================
========================================
Processing S_562
========================================
========================================
Processing S_563
========================================
========================================
Processing S_564
========================================
========================================
Processing S_565
========================================
========================================
Processing S_566
========================================
========================================
Processing S_567
========================================
========================================
Processing S_568
========================================
========================================
Processing S_569
========================================
========================================
Processing S_570
========================================
========================================
Processing S_571
========================================
========================================
Processing S_572
========================================
========================================
Processing S_573
========================================
========================================
Processing S_574
========================================
========================================
Processing S_575
========================================
========================================
Processing S_576
========================================
========================================
Processing S_577
========================================
========================================
Processing S_578
========================================
========================================
Processing S_579
========================================
========================================
Processing S_580
========================================
========================================
Processing S_581
========================================
========================================
Processing S_582
========================================
========================================
Processing S_583
========================================
========================================
Processing S_584
========================================
========================================
Processing S_585
========================================
========================================
Processing S_586
========================================
========================================
Processing S_587
========================================
========================================
Processing S_588
========================================
========================================
Processing S_589
========================================
========================================
Processing S_590
========================================
========================================
Processing S_591
========================================
========================================
Processing S_592
========================================
========================================
Processing S_593
========================================
========================================
Processing S_594
========================================
========================================
Processing S_595
========================================
========================================
Processing S_596
========================================
========================================
Processing S_597
========================================
========================================
Processing S_598
========================================
========================================
Processing S_599
========================================
========================================
Processing S_600
========================================
Completed 600 graphs
========================================
Processing S_601
========================================
========================================
Processing S_602
========================================
========================================
Processing S_603
========================================
========================================
Processing S_604
========================================
========================================
Processing S_605
========================================
========================================
Processing S_606
========================================
========================================
Processing S_607
========================================
========================================
Processing S_608
========================================
========================================
Processing S_609
========================================
========================================
Processing S_610
========================================
========================================
Processing S_611
========================================
========================================
Processing S_612
========================================
========================================
Processing S_613
========================================
========================================
Processing S_614
========================================
========================================
Processing S_615
========================================
========================================
Processing S_616
========================================
========================================
Processing S_617
========================================
========================================
Processing S_618
========================================
========================================
Processing S_619
========================================
========================================
Processing S_620
========================================
========================================
Processing S_621
========================================
========================================
Processing S_622
========================================
========================================
Processing S_623
========================================
========================================
Processing S_624
========================================
========================================
Processing S_625
========================================
========================================
Processing S_626
========================================
========================================
Processing S_627
========================================
========================================
Processing S_628
========================================
========================================
Processing S_629
========================================
========================================
Processing S_630
========================================
========================================
Processing S_631
========================================
========================================
Processing S_632
========================================
========================================
Processing S_633
========================================
========================================
Processing S_634
========================================
========================================
Processing S_635
========================================
========================================
Processing S_636
========================================
========================================
Processing S_637
========================================
========================================
Processing S_638
========================================
========================================
Processing S_639
========================================
========================================
Processing S_640
========================================
========================================
Processing S_641
========================================
========================================
Processing S_642
========================================
========================================
Processing S_643
========================================
========================================
Processing S_644
========================================
========================================
Processing S_645
========================================
========================================
Processing S_646
========================================
========================================
Processing S_647
========================================
========================================
Processing S_648
========================================
========================================
Processing S_649
========================================
========================================
Processing S_650
========================================
Completed 650 graphs
========================================
Processing S_651
========================================
========================================
Processing S_652
========================================
========================================
Processing S_653
========================================
========================================
Processing S_654
========================================
========================================
Processing S_655
========================================
========================================
Processing S_656
========================================
========================================
Processing S_657
========================================
========================================
Processing S_658
========================================
========================================
Processing S_659
========================================
========================================
Processing S_660
========================================
========================================
Processing S_661
========================================
========================================
Processing S_662
========================================
========================================
Processing S_663
========================================
========================================
Processing S_664
========================================
========================================
Processing S_665
========================================
========================================
Processing S_666
========================================
========================================
Processing S_667
========================================
========================================
Processing S_668
========================================
========================================
Processing S_669
========================================
========================================
Processing S_670
========================================
========================================
Processing S_671
========================================
========================================
Processing S_672
========================================
========================================
Processing S_673
========================================
========================================
Processing S_674
========================================
========================================
Processing S_675
========================================
========================================
Processing S_676
========================================
========================================
Processing S_677
========================================
========================================
Processing S_678
========================================
========================================
Processing S_679
========================================
========================================
Processing S_680
========================================
========================================
Processing S_681
========================================
========================================
Processing S_682
========================================
========================================
Processing S_683
========================================
========================================
Processing S_684
========================================
========================================
Processing S_685
========================================
========================================
Processing S_686
========================================
========================================
Processing S_687
========================================
========================================
Processing S_688
========================================
========================================
Processing S_689
========================================
========================================
Processing S_690
========================================
========================================
Processing S_691
========================================
========================================
Processing S_692
========================================
========================================
Processing S_693
========================================
========================================
Processing S_694
========================================
========================================
Processing S_695
========================================
========================================
Processing S_696
========================================
========================================
Processing S_697
========================================
========================================
Processing S_698
========================================
========================================
Processing S_699
========================================
========================================
Processing S_700
========================================
Completed 700 graphs
========================================
Processing S_701
========================================
========================================
Processing S_702
========================================
========================================
Processing S_703
========================================
========================================
Processing S_704
========================================
========================================
Processing S_705
========================================
========================================
Processing S_706
========================================
========================================
Processing S_707
========================================
========================================
Processing S_708
========================================
========================================
Processing S_709
========================================
========================================
Processing S_710
========================================
========================================
Processing S_711
========================================
========================================
Processing S_712
========================================
========================================
Processing S_713
========================================
========================================
Processing S_714
========================================
========================================
Processing S_715
========================================
========================================
Processing S_716
========================================
========================================
Processing S_717
========================================
========================================
Processing S_718
========================================
========================================
Processing S_719
========================================
========================================
Processing S_720
========================================
========================================
Processing S_721
========================================
========================================
Processing S_722
========================================
========================================
Processing S_723
========================================
========================================
Processing S_724
========================================
========================================
Processing S_725
========================================
========================================
Processing S_726
========================================
========================================
Processing S_727
========================================
========================================
Processing S_728
========================================
========================================
Processing S_729
========================================
========================================
Processing S_730
========================================
========================================
Processing S_731
========================================
========================================
Processing S_732
========================================
========================================
Processing S_733
========================================
========================================
Processing S_734
========================================
========================================
Processing S_735
========================================
========================================
Processing S_736
========================================
========================================
Processing S_737
========================================
========================================
Processing S_738
========================================
========================================
Processing S_739
========================================
========================================
Processing S_740
========================================
========================================
Processing S_741
========================================
========================================
Processing S_742
========================================
========================================
Processing S_743
========================================
========================================
Processing S_744
========================================
========================================
Processing S_745
========================================
========================================
Processing S_746
========================================
========================================
Processing S_747
========================================
========================================
Processing S_748
========================================
========================================
Processing S_749
========================================
========================================
Processing S_750
========================================
Completed 750 graphs
========================================
Processing S_751
========================================
========================================
Processing S_752
========================================
========================================
Processing S_753
========================================
========================================
Processing S_754
========================================
========================================
Processing S_755
========================================
========================================
Processing S_756
========================================
========================================
Processing S_757
========================================
========================================
Processing S_758
========================================
========================================
Processing S_759
========================================
========================================
Processing S_760
========================================
========================================
Processing S_761
========================================
========================================
Processing S_762
========================================
========================================
Processing S_763
========================================
========================================
Processing S_764
========================================
========================================
Processing S_765
========================================
========================================
Processing S_766
========================================
========================================
Processing S_767
========================================
========================================
Processing S_768
========================================
========================================
Processing S_769
========================================
========================================
Processing S_770
========================================
========================================
Processing S_771
========================================
========================================
Processing S_772
========================================
========================================
Processing S_773
========================================
========================================
Processing S_774
========================================
========================================
Processing S_775
========================================
========================================
Processing S_776
========================================
========================================
Processing S_777
========================================
========================================
Processing S_778
========================================
========================================
Processing S_779
========================================
========================================
Processing S_780
========================================
========================================
Processing S_781
========================================
========================================
Processing S_782
========================================
========================================
Processing S_783
========================================
========================================
Processing S_784
========================================
========================================
Processing S_785
========================================
========================================
Processing S_786
========================================
========================================
Processing S_787
========================================
========================================
Processing S_788
========================================
========================================
Processing S_789
========================================
========================================
Processing S_790
========================================
========================================
Processing S_791
========================================
========================================
Processing S_792
========================================
========================================
Processing S_793
========================================
========================================
Processing S_794
========================================
========================================
Processing S_795
========================================
========================================
Processing S_796
========================================
========================================
Processing S_797
========================================
========================================
Processing S_798
========================================
========================================
Processing S_799
========================================
========================================
Processing S_800
========================================
Completed 800 graphs
========================================
Processing S_801
========================================
========================================
Processing S_802
========================================
========================================
Processing S_803
========================================
========================================
Processing S_804
========================================
========================================
Processing S_805
========================================
========================================
Processing S_806
========================================
========================================
Processing S_807
========================================
========================================
Processing S_808
========================================
========================================
Processing S_809
========================================
========================================
Processing S_810
========================================
========================================
Processing S_811
========================================
========================================
Processing S_812
========================================
========================================
Processing S_813
========================================
========================================
Processing S_814
========================================
========================================
Processing S_815
========================================
========================================
Processing S_816
========================================
========================================
Processing S_817
========================================
========================================
Processing S_818
========================================
========================================
Processing S_819
========================================
========================================
Processing S_820
========================================
========================================
Processing S_821
========================================
========================================
Processing S_822
========================================
========================================
Processing S_823
========================================
========================================
Processing S_824
========================================
========================================
Processing S_825
========================================
========================================
Processing S_826
========================================
========================================
Processing S_827
========================================
========================================
Processing S_828
========================================
========================================
Processing S_829
========================================
========================================
Processing S_830
========================================
========================================
Processing S_831
========================================
========================================
Processing S_832
========================================
========================================
Processing S_833
========================================
========================================
Processing S_834
========================================
========================================
Processing S_835
========================================
========================================
Processing S_836
========================================
========================================
Processing S_837
========================================
========================================
Processing S_838
========================================
========================================
Processing S_839
========================================
========================================
Processing S_840
========================================
========================================
Processing S_841
========================================
========================================
Processing S_842
========================================
========================================
Processing S_843
========================================
========================================
Processing S_844
========================================
========================================
Processing S_845
========================================
========================================
Processing S_846
========================================
========================================
Processing S_847
========================================
========================================
Processing S_848
========================================
========================================
Processing S_849
========================================
========================================
Processing S_850
========================================
Completed 850 graphs
========================================
Processing S_851
========================================
========================================
Processing S_852
========================================
========================================
Processing S_853
========================================
========================================
Processing S_854
========================================
========================================
Processing S_855
========================================
========================================
Processing S_856
========================================
========================================
Processing S_857
========================================
========================================
Processing S_858
========================================
========================================
Processing S_859
========================================
========================================
Processing S_860
========================================
========================================
Processing S_861
========================================
========================================
Processing S_862
========================================
========================================
Processing S_863
========================================
========================================
Processing S_864
========================================
========================================
Processing S_865
========================================
========================================
Processing S_866
========================================
========================================
Processing S_867
========================================
========================================
Processing S_868
========================================
========================================
Processing S_869
========================================
========================================
Processing S_870
========================================
========================================
Processing S_871
========================================
========================================
Processing S_872
========================================
========================================
Processing S_873
========================================
========================================
Processing S_874
========================================
========================================
Processing S_875
========================================
========================================
Processing S_876
========================================
========================================
Processing S_877
========================================
========================================
Processing S_878
========================================
========================================
Processing S_879
========================================
========================================
Processing S_880
========================================
========================================
Processing S_881
========================================
========================================
Processing S_882
========================================
========================================
Processing S_883
========================================
========================================
Processing S_884
========================================
========================================
Processing S_885
========================================
========================================
Processing S_886
========================================
========================================
Processing S_887
========================================
========================================
Processing S_888
========================================
========================================
Processing S_889
========================================
========================================
Processing S_890
========================================
========================================
Processing S_891
========================================
========================================
Processing S_892
========================================
========================================
Processing S_893
========================================
========================================
Processing S_894
========================================
========================================
Processing S_895
========================================
========================================
Processing S_896
========================================
========================================
Processing S_897
========================================
========================================
Processing S_898
========================================
========================================
Processing S_899
========================================
========================================
Processing S_900
========================================
Completed 900 graphs
========================================
Processing S_901
========================================
========================================
Processing S_902
========================================
========================================
Processing S_903
========================================
========================================
Processing S_904
========================================
========================================
Processing S_905
========================================
========================================
Processing S_906
========================================
========================================
Processing S_907
========================================
========================================
Processing S_908
========================================
========================================
Processing S_909
========================================
========================================
Processing S_910
========================================
========================================
Processing S_911
========================================
========================================
Processing S_912
========================================
========================================
Processing S_913
========================================
========================================
Processing S_914
========================================
========================================
Processing S_915
========================================
========================================
Processing S_916
========================================
========================================
Processing S_917
========================================
========================================
Processing S_918
========================================
========================================
Processing S_919
========================================
========================================
Processing S_920
========================================
========================================
Processing S_921
========================================
========================================
Processing S_922
========================================
========================================
Processing S_923
========================================
========================================
Processing S_924
========================================
========================================
Processing S_925
========================================
========================================
Processing S_926
========================================
========================================
Processing S_927
========================================
========================================
Processing S_928
========================================
========================================
Processing S_929
========================================
========================================
Processing S_930
========================================
========================================
Processing S_931
========================================
========================================
Processing S_932
========================================
========================================
Processing S_933
========================================
========================================
Processing S_934
========================================
========================================
Processing S_935
========================================
========================================
Processing S_936
========================================
========================================
Processing S_937
========================================
========================================
Processing S_938
========================================
========================================
Processing S_939
========================================
========================================
Processing S_940
========================================
========================================
Processing S_941
========================================
========================================
Processing S_942
========================================
========================================
Processing S_943
========================================
========================================
Processing S_944
========================================
========================================
Processing S_945
========================================
========================================
Processing S_946
========================================
========================================
Processing S_947
========================================
========================================
Processing S_948
========================================
========================================
Processing S_949
========================================
========================================
Processing S_950
========================================
Completed 950 graphs
========================================
Processing S_951
========================================
========================================
Processing S_952
========================================
========================================
Processing S_953
========================================
========================================
Processing S_954
========================================
========================================
Processing S_955
========================================
========================================
Processing S_956
========================================
========================================
Processing S_957
========================================
========================================
Processing S_958
========================================
========================================
Processing S_959
========================================
========================================
Processing S_960
========================================
========================================
Processing S_961
========================================
========================================
Processing S_962
========================================
========================================
Processing S_963
========================================
========================================
Processing S_964
========================================
========================================
Processing S_965
========================================
========================================
Processing S_966
========================================
========================================
Processing S_967
========================================
========================================
Processing S_968
========================================
========================================
Processing S_969
========================================
========================================
Processing S_970
========================================
========================================
Processing S_971
========================================
========================================
Processing S_972
========================================
========================================
Processing S_973
========================================
========================================
Processing S_974
========================================
========================================
Processing S_975
========================================
========================================
Processing S_976
========================================
========================================
Processing S_977
========================================
========================================
Processing S_978
========================================
========================================
Processing S_979
========================================
========================================
Processing S_980
========================================
========================================
Processing S_981
========================================
========================================
Processing S_982
========================================
========================================
Processing S_983
========================================
========================================
Processing S_984
========================================
========================================
Processing S_985
========================================
========================================
Processing S_986
========================================
========================================
Processing S_987
========================================
========================================
Processing S_988
========================================
========================================
Processing S_989
========================================
========================================
Processing S_990
========================================
========================================
Processing S_991
========================================
========================================
Processing S_992
========================================
========================================
Processing S_993
========================================
========================================
Processing S_994
========================================
========================================
Processing S_995
========================================
========================================
Processing S_996
========================================
========================================
Processing S_997
========================================
========================================
Processing S_998
========================================
========================================
Processing S_999
========================================
========================================
Processing S_1000
========================================
Completed 1000 graphs

Not found in G: 0
Finished.
Graphs with no match in G: 0
Summary CSV: local_tests/figure1_toy_models/recovery_results/unique_pair/k_1/summary.csv
Summary text: local_tests/figure1_toy_models/recovery_results/unique_pair/k_1/summary.txt
Patterns with size different from k=1: 0
Calibrating unique_pair k=2 on S_1, threshold=-5
========================================
Processing S_1
========================================

Not found in G: 1
Finished.
Graphs with no match in G: 1
Summary CSV: local_tests/figure1_toy_models/recovery_results/calibration/unique_pair/k_2/summary.csv
Summary text: local_tests/figure1_toy_models/recovery_results/calibration/unique_pair/k_2/summary.txt
Patterns with size different from k=2: 0
Running all unique_pair graphs at k=2 with calibrated threshold=-5
========================================
Processing S_1
========================================
========================================
Processing S_2
========================================
========================================
Processing S_3
========================================
========================================
Processing S_4
========================================
========================================
Processing S_5
========================================
========================================
Processing S_6
========================================
========================================
Processing S_7
========================================
========================================
Processing S_8
========================================
========================================
Processing S_9
========================================
========================================
Processing S_10
========================================
========================================
Processing S_11
========================================
========================================
Processing S_12
========================================
========================================
Processing S_13
========================================
========================================
Processing S_14
========================================
========================================
Processing S_15
========================================
========================================
Processing S_16
========================================
========================================
Processing S_17
========================================
========================================
Processing S_18
========================================
========================================
Processing S_19
========================================
========================================
Processing S_20
========================================
========================================
Processing S_21
========================================
========================================
Processing S_22
========================================
========================================
Processing S_23
========================================
========================================
Processing S_24
========================================
========================================
Processing S_25
========================================
========================================
Processing S_26
========================================
========================================
Processing S_27
========================================
========================================
Processing S_28
========================================
========================================
Processing S_29
========================================
========================================
Processing S_30
========================================
========================================
Processing S_31
========================================
========================================
Processing S_32
========================================
========================================
Processing S_33
========================================
========================================
Processing S_34
========================================
========================================
Processing S_35
========================================
========================================
Processing S_36
========================================
========================================
Processing S_37
========================================
========================================
Processing S_38
========================================
========================================
Processing S_39
========================================
========================================
Processing S_40
========================================
========================================
Processing S_41
========================================
========================================
Processing S_42
========================================
========================================
Processing S_43
========================================
========================================
Processing S_44
========================================
========================================
Processing S_45
========================================
========================================
Processing S_46
========================================
========================================
Processing S_47
========================================
========================================
Processing S_48
========================================
========================================
Processing S_49
========================================
========================================
Processing S_50
========================================
Completed 50 graphs
========================================
Processing S_51
========================================
========================================
Processing S_52
========================================
========================================
Processing S_53
========================================
========================================
Processing S_54
========================================
========================================
Processing S_55
========================================
========================================
Processing S_56
========================================
========================================
Processing S_57
========================================
========================================
Processing S_58
========================================
========================================
Processing S_59
========================================
========================================
Processing S_60
========================================
========================================
Processing S_61
========================================
========================================
Processing S_62
========================================
========================================
Processing S_63
========================================
========================================
Processing S_64
========================================
========================================
Processing S_65
========================================
========================================
Processing S_66
========================================
========================================
Processing S_67
========================================
========================================
Processing S_68
========================================
========================================
Processing S_69
========================================
========================================
Processing S_70
========================================
========================================
Processing S_71
========================================
========================================
Processing S_72
========================================
========================================
Processing S_73
========================================
========================================
Processing S_74
========================================
========================================
Processing S_75
========================================
========================================
Processing S_76
========================================
========================================
Processing S_77
========================================
========================================
Processing S_78
========================================
========================================
Processing S_79
========================================
========================================
Processing S_80
========================================
========================================
Processing S_81
========================================
========================================
Processing S_82
========================================
========================================
Processing S_83
========================================
========================================
Processing S_84
========================================
========================================
Processing S_85
========================================
========================================
Processing S_86
========================================
========================================
Processing S_87
========================================
========================================
Processing S_88
========================================
========================================
Processing S_89
========================================
========================================
Processing S_90
========================================
========================================
Processing S_91
========================================
========================================
Processing S_92
========================================
========================================
Processing S_93
========================================
========================================
Processing S_94
========================================
========================================
Processing S_95
========================================
========================================
Processing S_96
========================================
========================================
Processing S_97
========================================
========================================
Processing S_98
========================================
========================================
Processing S_99
========================================
========================================
Processing S_100
========================================
Completed 100 graphs
========================================
Processing S_101
========================================
========================================
Processing S_102
========================================
========================================
Processing S_103
========================================
========================================
Processing S_104
========================================
========================================
Processing S_105
========================================
========================================
Processing S_106
========================================
========================================
Processing S_107
========================================
========================================
Processing S_108
========================================
========================================
Processing S_109
========================================
========================================
Processing S_110
========================================
========================================
Processing S_111
========================================
========================================
Processing S_112
========================================
========================================
Processing S_113
========================================
========================================
Processing S_114
========================================
========================================
Processing S_115
========================================
========================================
Processing S_116
========================================
========================================
Processing S_117
========================================
========================================
Processing S_118
========================================
========================================
Processing S_119
========================================
========================================
Processing S_120
========================================
========================================
Processing S_121
========================================
========================================
Processing S_122
========================================
========================================
Processing S_123
========================================
========================================
Processing S_124
========================================
========================================
Processing S_125
========================================
========================================
Processing S_126
========================================
========================================
Processing S_127
========================================
========================================
Processing S_128
========================================
========================================
Processing S_129
========================================
========================================
Processing S_130
========================================
========================================
Processing S_131
========================================
========================================
Processing S_132
========================================
========================================
Processing S_133
========================================
========================================
Processing S_134
========================================
========================================
Processing S_135
========================================
========================================
Processing S_136
========================================
========================================
Processing S_137
========================================
========================================
Processing S_138
========================================
========================================
Processing S_139
========================================
========================================
Processing S_140
========================================
========================================
Processing S_141
========================================
========================================
Processing S_142
========================================
========================================
Processing S_143
========================================
========================================
Processing S_144
========================================
========================================
Processing S_145
========================================
========================================
Processing S_146
========================================
========================================
Processing S_147
========================================
========================================
Processing S_148
========================================
========================================
Processing S_149
========================================
========================================
Processing S_150
========================================
Completed 150 graphs
========================================
Processing S_151
========================================
========================================
Processing S_152
========================================
========================================
Processing S_153
========================================
========================================
Processing S_154
========================================
========================================
Processing S_155
========================================
========================================
Processing S_156
========================================
========================================
Processing S_157
========================================
========================================
Processing S_158
========================================
========================================
Processing S_159
========================================
========================================
Processing S_160
========================================
========================================
Processing S_161
========================================
========================================
Processing S_162
========================================
========================================
Processing S_163
========================================
========================================
Processing S_164
========================================
========================================
Processing S_165
========================================
========================================
Processing S_166
========================================
========================================
Processing S_167
========================================
========================================
Processing S_168
========================================
========================================
Processing S_169
========================================
========================================
Processing S_170
========================================
========================================
Processing S_171
========================================
========================================
Processing S_172
========================================
========================================
Processing S_173
========================================
========================================
Processing S_174
========================================
========================================
Processing S_175
========================================
========================================
Processing S_176
========================================
========================================
Processing S_177
========================================
========================================
Processing S_178
========================================
========================================
Processing S_179
========================================
========================================
Processing S_180
========================================
========================================
Processing S_181
========================================
========================================
Processing S_182
========================================
========================================
Processing S_183
========================================
========================================
Processing S_184
========================================
========================================
Processing S_185
========================================
========================================
Processing S_186
========================================
========================================
Processing S_187
========================================
========================================
Processing S_188
========================================
========================================
Processing S_189
========================================
========================================
Processing S_190
========================================
========================================
Processing S_191
========================================
========================================
Processing S_192
========================================
========================================
Processing S_193
========================================
========================================
Processing S_194
========================================
========================================
Processing S_195
========================================
========================================
Processing S_196
========================================
========================================
Processing S_197
========================================
========================================
Processing S_198
========================================
========================================
Processing S_199
========================================
========================================
Processing S_200
========================================
Completed 200 graphs
========================================
Processing S_201
========================================
========================================
Processing S_202
========================================
========================================
Processing S_203
========================================
========================================
Processing S_204
========================================
========================================
Processing S_205
========================================
========================================
Processing S_206
========================================
========================================
Processing S_207
========================================
========================================
Processing S_208
========================================
========================================
Processing S_209
========================================
========================================
Processing S_210
========================================
========================================
Processing S_211
========================================
========================================
Processing S_212
========================================
========================================
Processing S_213
========================================
========================================
Processing S_214
========================================
========================================
Processing S_215
========================================
========================================
Processing S_216
========================================
========================================
Processing S_217
========================================
========================================
Processing S_218
========================================
========================================
Processing S_219
========================================
========================================
Processing S_220
========================================
========================================
Processing S_221
========================================
========================================
Processing S_222
========================================
========================================
Processing S_223
========================================
========================================
Processing S_224
========================================
========================================
Processing S_225
========================================
========================================
Processing S_226
========================================
========================================
Processing S_227
========================================
========================================
Processing S_228
========================================
========================================
Processing S_229
========================================
========================================
Processing S_230
========================================
========================================
Processing S_231
========================================
========================================
Processing S_232
========================================
========================================
Processing S_233
========================================
========================================
Processing S_234
========================================
========================================
Processing S_235
========================================
========================================
Processing S_236
========================================
========================================
Processing S_237
========================================
========================================
Processing S_238
========================================
========================================
Processing S_239
========================================
========================================
Processing S_240
========================================
========================================
Processing S_241
========================================
========================================
Processing S_242
========================================
========================================
Processing S_243
========================================
========================================
Processing S_244
========================================
========================================
Processing S_245
========================================
========================================
Processing S_246
========================================
========================================
Processing S_247
========================================
========================================
Processing S_248
========================================
========================================
Processing S_249
========================================
========================================
Processing S_250
========================================
Completed 250 graphs
========================================
Processing S_251
========================================
========================================
Processing S_252
========================================
========================================
Processing S_253
========================================
========================================
Processing S_254
========================================
========================================
Processing S_255
========================================
========================================
Processing S_256
========================================
========================================
Processing S_257
========================================
========================================
Processing S_258
========================================
========================================
Processing S_259
========================================
========================================
Processing S_260
========================================
========================================
Processing S_261
========================================
========================================
Processing S_262
========================================
========================================
Processing S_263
========================================
========================================
Processing S_264
========================================
========================================
Processing S_265
========================================
========================================
Processing S_266
========================================
========================================
Processing S_267
========================================
========================================
Processing S_268
========================================
========================================
Processing S_269
========================================
========================================
Processing S_270
========================================
========================================
Processing S_271
========================================
========================================
Processing S_272
========================================
========================================
Processing S_273
========================================
========================================
Processing S_274
========================================
========================================
Processing S_275
========================================
========================================
Processing S_276
========================================
========================================
Processing S_277
========================================
========================================
Processing S_278
========================================
========================================
Processing S_279
========================================
========================================
Processing S_280
========================================
========================================
Processing S_281
========================================
========================================
Processing S_282
========================================
========================================
Processing S_283
========================================
========================================
Processing S_284
========================================
========================================
Processing S_285
========================================
========================================
Processing S_286
========================================
========================================
Processing S_287
========================================
========================================
Processing S_288
========================================
========================================
Processing S_289
========================================
========================================
Processing S_290
========================================
========================================
Processing S_291
========================================
========================================
Processing S_292
========================================
========================================
Processing S_293
========================================
========================================
Processing S_294
========================================
========================================
Processing S_295
========================================
========================================
Processing S_296
========================================
========================================
Processing S_297
========================================
========================================
Processing S_298
========================================
========================================
Processing S_299
========================================
========================================
Processing S_300
========================================
Completed 300 graphs
========================================
Processing S_301
========================================
========================================
Processing S_302
========================================
========================================
Processing S_303
========================================
========================================
Processing S_304
========================================
========================================
Processing S_305
========================================
========================================
Processing S_306
========================================
========================================
Processing S_307
========================================
========================================
Processing S_308
========================================
========================================
Processing S_309
========================================
========================================
Processing S_310
========================================
========================================
Processing S_311
========================================
========================================
Processing S_312
========================================
========================================
Processing S_313
========================================
========================================
Processing S_314
========================================
========================================
Processing S_315
========================================
========================================
Processing S_316
========================================
========================================
Processing S_317
========================================
========================================
Processing S_318
========================================
========================================
Processing S_319
========================================
========================================
Processing S_320
========================================
========================================
Processing S_321
========================================
========================================
Processing S_322
========================================
========================================
Processing S_323
========================================
========================================
Processing S_324
========================================
========================================
Processing S_325
========================================
========================================
Processing S_326
========================================
========================================
Processing S_327
========================================
========================================
Processing S_328
========================================
========================================
Processing S_329
========================================
========================================
Processing S_330
========================================
========================================
Processing S_331
========================================
========================================
Processing S_332
========================================
========================================
Processing S_333
========================================
========================================
Processing S_334
========================================
========================================
Processing S_335
========================================
========================================
Processing S_336
========================================
========================================
Processing S_337
========================================
========================================
Processing S_338
========================================
========================================
Processing S_339
========================================
========================================
Processing S_340
========================================
========================================
Processing S_341
========================================
========================================
Processing S_342
========================================
========================================
Processing S_343
========================================
========================================
Processing S_344
========================================
========================================
Processing S_345
========================================
========================================
Processing S_346
========================================
========================================
Processing S_347
========================================
========================================
Processing S_348
========================================
========================================
Processing S_349
========================================
========================================
Processing S_350
========================================
Completed 350 graphs
========================================
Processing S_351
========================================
========================================
Processing S_352
========================================
========================================
Processing S_353
========================================
========================================
Processing S_354
========================================
========================================
Processing S_355
========================================
========================================
Processing S_356
========================================
========================================
Processing S_357
========================================
========================================
Processing S_358
========================================
========================================
Processing S_359
========================================
========================================
Processing S_360
========================================
========================================
Processing S_361
========================================
========================================
Processing S_362
========================================
========================================
Processing S_363
========================================
========================================
Processing S_364
========================================
========================================
Processing S_365
========================================
========================================
Processing S_366
========================================
========================================
Processing S_367
========================================
========================================
Processing S_368
========================================
========================================
Processing S_369
========================================
========================================
Processing S_370
========================================
========================================
Processing S_371
========================================
========================================
Processing S_372
========================================
========================================
Processing S_373
========================================
========================================
Processing S_374
========================================
========================================
Processing S_375
========================================
========================================
Processing S_376
========================================
========================================
Processing S_377
========================================
========================================
Processing S_378
========================================
========================================
Processing S_379
========================================
========================================
Processing S_380
========================================
========================================
Processing S_381
========================================
========================================
Processing S_382
========================================
========================================
Processing S_383
========================================
========================================
Processing S_384
========================================
========================================
Processing S_385
========================================
========================================
Processing S_386
========================================
========================================
Processing S_387
========================================
========================================
Processing S_388
========================================
========================================
Processing S_389
========================================
========================================
Processing S_390
========================================
========================================
Processing S_391
========================================
========================================
Processing S_392
========================================
========================================
Processing S_393
========================================
========================================
Processing S_394
========================================
========================================
Processing S_395
========================================
========================================
Processing S_396
========================================
========================================
Processing S_397
========================================
========================================
Processing S_398
========================================
========================================
Processing S_399
========================================
========================================
Processing S_400
========================================
Completed 400 graphs
========================================
Processing S_401
========================================
========================================
Processing S_402
========================================
========================================
Processing S_403
========================================
========================================
Processing S_404
========================================
========================================
Processing S_405
========================================
========================================
Processing S_406
========================================
========================================
Processing S_407
========================================
========================================
Processing S_408
========================================
========================================
Processing S_409
========================================
========================================
Processing S_410
========================================
========================================
Processing S_411
========================================
========================================
Processing S_412
========================================
========================================
Processing S_413
========================================
========================================
Processing S_414
========================================
========================================
Processing S_415
========================================
========================================
Processing S_416
========================================
========================================
Processing S_417
========================================
========================================
Processing S_418
========================================
========================================
Processing S_419
========================================
========================================
Processing S_420
========================================
========================================
Processing S_421
========================================
========================================
Processing S_422
========================================
========================================
Processing S_423
========================================
========================================
Processing S_424
========================================
========================================
Processing S_425
========================================
========================================
Processing S_426
========================================
========================================
Processing S_427
========================================
========================================
Processing S_428
========================================
========================================
Processing S_429
========================================
========================================
Processing S_430
========================================
========================================
Processing S_431
========================================
========================================
Processing S_432
========================================
========================================
Processing S_433
========================================
========================================
Processing S_434
========================================
========================================
Processing S_435
========================================
========================================
Processing S_436
========================================
========================================
Processing S_437
========================================
========================================
Processing S_438
========================================
========================================
Processing S_439
========================================
========================================
Processing S_440
========================================
========================================
Processing S_441
========================================
========================================
Processing S_442
========================================
========================================
Processing S_443
========================================
========================================
Processing S_444
========================================
========================================
Processing S_445
========================================
========================================
Processing S_446
========================================
========================================
Processing S_447
========================================
========================================
Processing S_448
========================================
========================================
Processing S_449
========================================
========================================
Processing S_450
========================================
Completed 450 graphs
========================================
Processing S_451
========================================
========================================
Processing S_452
========================================
========================================
Processing S_453
========================================
========================================
Processing S_454
========================================
========================================
Processing S_455
========================================
========================================
Processing S_456
========================================
========================================
Processing S_457
========================================
========================================
Processing S_458
========================================
========================================
Processing S_459
========================================
========================================
Processing S_460
========================================
========================================
Processing S_461
========================================
========================================
Processing S_462
========================================
========================================
Processing S_463
========================================
========================================
Processing S_464
========================================
========================================
Processing S_465
========================================
========================================
Processing S_466
========================================
========================================
Processing S_467
========================================
========================================
Processing S_468
========================================
========================================
Processing S_469
========================================
========================================
Processing S_470
========================================
========================================
Processing S_471
========================================
========================================
Processing S_472
========================================
========================================
Processing S_473
========================================
========================================
Processing S_474
========================================
========================================
Processing S_475
========================================
========================================
Processing S_476
========================================
========================================
Processing S_477
========================================
========================================
Processing S_478
========================================
========================================
Processing S_479
========================================
========================================
Processing S_480
========================================
========================================
Processing S_481
========================================
========================================
Processing S_482
========================================
========================================
Processing S_483
========================================
========================================
Processing S_484
========================================
========================================
Processing S_485
========================================
========================================
Processing S_486
========================================
========================================
Processing S_487
========================================
========================================
Processing S_488
========================================
========================================
Processing S_489
========================================
========================================
Processing S_490
========================================
========================================
Processing S_491
========================================
========================================
Processing S_492
========================================
========================================
Processing S_493
========================================
========================================
Processing S_494
========================================
========================================
Processing S_495
========================================
========================================
Processing S_496
========================================
========================================
Processing S_497
========================================
========================================
Processing S_498
========================================
========================================
Processing S_499
========================================
========================================
Processing S_500
========================================
Completed 500 graphs
========================================
Processing S_501
========================================
========================================
Processing S_502
========================================
========================================
Processing S_503
========================================
========================================
Processing S_504
========================================
========================================
Processing S_505
========================================
========================================
Processing S_506
========================================
========================================
Processing S_507
========================================
========================================
Processing S_508
========================================
========================================
Processing S_509
========================================
========================================
Processing S_510
========================================
========================================
Processing S_511
========================================
========================================
Processing S_512
========================================
========================================
Processing S_513
========================================
========================================
Processing S_514
========================================
========================================
Processing S_515
========================================
========================================
Processing S_516
========================================
========================================
Processing S_517
========================================
========================================
Processing S_518
========================================
========================================
Processing S_519
========================================
========================================
Processing S_520
========================================
========================================
Processing S_521
========================================
========================================
Processing S_522
========================================
========================================
Processing S_523
========================================
========================================
Processing S_524
========================================
========================================
Processing S_525
========================================
========================================
Processing S_526
========================================
========================================
Processing S_527
========================================
========================================
Processing S_528
========================================
========================================
Processing S_529
========================================
========================================
Processing S_530
========================================
========================================
Processing S_531
========================================
========================================
Processing S_532
========================================
========================================
Processing S_533
========================================
========================================
Processing S_534
========================================
========================================
Processing S_535
========================================
========================================
Processing S_536
========================================
========================================
Processing S_537
========================================
========================================
Processing S_538
========================================
========================================
Processing S_539
========================================
========================================
Processing S_540
========================================
========================================
Processing S_541
========================================
========================================
Processing S_542
========================================
========================================
Processing S_543
========================================
========================================
Processing S_544
========================================
========================================
Processing S_545
========================================
========================================
Processing S_546
========================================
========================================
Processing S_547
========================================
========================================
Processing S_548
========================================
========================================
Processing S_549
========================================
========================================
Processing S_550
========================================
Completed 550 graphs
========================================
Processing S_551
========================================
========================================
Processing S_552
========================================
========================================
Processing S_553
========================================
========================================
Processing S_554
========================================
========================================
Processing S_555
========================================
========================================
Processing S_556
========================================
========================================
Processing S_557
========================================
========================================
Processing S_558
========================================
========================================
Processing S_559
========================================
========================================
Processing S_560
========================================
========================================
Processing S_561
========================================
========================================
Processing S_562
========================================
========================================
Processing S_563
========================================
========================================
Processing S_564
========================================
========================================
Processing S_565
========================================
========================================
Processing S_566
========================================
========================================
Processing S_567
========================================
========================================
Processing S_568
========================================
========================================
Processing S_569
========================================
========================================
Processing S_570
========================================
========================================
Processing S_571
========================================
========================================
Processing S_572
========================================
========================================
Processing S_573
========================================
========================================
Processing S_574
========================================
========================================
Processing S_575
========================================
========================================
Processing S_576
========================================
========================================
Processing S_577
========================================
========================================
Processing S_578
========================================
========================================
Processing S_579
========================================
========================================
Processing S_580
========================================
========================================
Processing S_581
========================================
========================================
Processing S_582
========================================
========================================
Processing S_583
========================================
========================================
Processing S_584
========================================
========================================
Processing S_585
========================================
========================================
Processing S_586
========================================
========================================
Processing S_587
========================================
========================================
Processing S_588
========================================
========================================
Processing S_589
========================================
========================================
Processing S_590
========================================
========================================
Processing S_591
========================================
========================================
Processing S_592
========================================
========================================
Processing S_593
========================================
========================================
Processing S_594
========================================
========================================
Processing S_595
========================================
========================================
Processing S_596
========================================
========================================
Processing S_597
========================================
========================================
Processing S_598
========================================
========================================
Processing S_599
========================================
========================================
Processing S_600
========================================
Completed 600 graphs
========================================
Processing S_601
========================================
========================================
Processing S_602
========================================
========================================
Processing S_603
========================================
========================================
Processing S_604
========================================
========================================
Processing S_605
========================================
========================================
Processing S_606
========================================
========================================
Processing S_607
========================================
========================================
Processing S_608
========================================
========================================
Processing S_609
========================================
========================================
Processing S_610
========================================
========================================
Processing S_611
========================================
========================================
Processing S_612
========================================
========================================
Processing S_613
========================================
========================================
Processing S_614
========================================
========================================
Processing S_615
========================================
========================================
Processing S_616
========================================
========================================
Processing S_617
========================================
========================================
Processing S_618
========================================
========================================
Processing S_619
========================================
========================================
Processing S_620
========================================
========================================
Processing S_621
========================================
========================================
Processing S_622
========================================
========================================
Processing S_623
========================================
========================================
Processing S_624
========================================
========================================
Processing S_625
========================================
========================================
Processing S_626
========================================
========================================
Processing S_627
========================================
========================================
Processing S_628
========================================
========================================
Processing S_629
========================================
========================================
Processing S_630
========================================
========================================
Processing S_631
========================================
========================================
Processing S_632
========================================
========================================
Processing S_633
========================================
========================================
Processing S_634
========================================
========================================
Processing S_635
========================================
========================================
Processing S_636
========================================
========================================
Processing S_637
========================================
========================================
Processing S_638
========================================
========================================
Processing S_639
========================================
========================================
Processing S_640
========================================
========================================
Processing S_641
========================================
========================================
Processing S_642
========================================
========================================
Processing S_643
========================================
========================================
Processing S_644
========================================
========================================
Processing S_645
========================================
========================================
Processing S_646
========================================
========================================
Processing S_647
========================================
========================================
Processing S_648
========================================
========================================
Processing S_649
========================================
========================================
Processing S_650
========================================
Completed 650 graphs
========================================
Processing S_651
========================================
========================================
Processing S_652
========================================
========================================
Processing S_653
========================================
========================================
Processing S_654
========================================
========================================
Processing S_655
========================================
========================================
Processing S_656
========================================
========================================
Processing S_657
========================================
========================================
Processing S_658
========================================
========================================
Processing S_659
========================================
========================================
Processing S_660
========================================
========================================
Processing S_661
========================================
========================================
Processing S_662
========================================
========================================
Processing S_663
========================================
========================================
Processing S_664
========================================
========================================
Processing S_665
========================================
========================================
Processing S_666
========================================
========================================
Processing S_667
========================================
========================================
Processing S_668
========================================
========================================
Processing S_669
========================================
========================================
Processing S_670
========================================
========================================
Processing S_671
========================================
========================================
Processing S_672
========================================
========================================
Processing S_673
========================================
========================================
Processing S_674
========================================
========================================
Processing S_675
========================================
========================================
Processing S_676
========================================
========================================
Processing S_677
========================================
========================================
Processing S_678
========================================
========================================
Processing S_679
========================================
========================================
Processing S_680
========================================
========================================
Processing S_681
========================================
========================================
Processing S_682
========================================
========================================
Processing S_683
========================================
========================================
Processing S_684
========================================
========================================
Processing S_685
========================================
========================================
Processing S_686
========================================
========================================
Processing S_687
========================================
========================================
Processing S_688
========================================
========================================
Processing S_689
========================================
========================================
Processing S_690
========================================
========================================
Processing S_691
========================================
========================================
Processing S_692
========================================
========================================
Processing S_693
========================================
========================================
Processing S_694
========================================
========================================
Processing S_695
========================================
========================================
Processing S_696
========================================
========================================
Processing S_697
========================================
========================================
Processing S_698
========================================
========================================
Processing S_699
========================================
========================================
Processing S_700
========================================
Completed 700 graphs
========================================
Processing S_701
========================================
========================================
Processing S_702
========================================
========================================
Processing S_703
========================================
========================================
Processing S_704
========================================
========================================
Processing S_705
========================================
========================================
Processing S_706
========================================
========================================
Processing S_707
========================================
========================================
Processing S_708
========================================
========================================
Processing S_709
========================================
========================================
Processing S_710
========================================
========================================
Processing S_711
========================================
========================================
Processing S_712
========================================
========================================
Processing S_713
========================================
========================================
Processing S_714
========================================
========================================
Processing S_715
========================================
========================================
Processing S_716
========================================
========================================
Processing S_717
========================================
========================================
Processing S_718
========================================
========================================
Processing S_719
========================================
========================================
Processing S_720
========================================
========================================
Processing S_721
========================================
========================================
Processing S_722
========================================
========================================
Processing S_723
========================================
========================================
Processing S_724
========================================
========================================
Processing S_725
========================================
========================================
Processing S_726
========================================
========================================
Processing S_727
========================================
========================================
Processing S_728
========================================
========================================
Processing S_729
========================================
========================================
Processing S_730
========================================
========================================
Processing S_731
========================================
========================================
Processing S_732
========================================
========================================
Processing S_733
========================================
========================================
Processing S_734
========================================
========================================
Processing S_735
========================================
========================================
Processing S_736
========================================
========================================
Processing S_737
========================================
========================================
Processing S_738
========================================
========================================
Processing S_739
========================================
========================================
Processing S_740
========================================
========================================
Processing S_741
========================================
========================================
Processing S_742
========================================
========================================
Processing S_743
========================================
========================================
Processing S_744
========================================
========================================
Processing S_745
========================================
========================================
Processing S_746
========================================
========================================
Processing S_747
========================================
========================================
Processing S_748
========================================
========================================
Processing S_749
========================================
========================================
Processing S_750
========================================
Completed 750 graphs
========================================
Processing S_751
========================================
========================================
Processing S_752
========================================
========================================
Processing S_753
========================================
========================================
Processing S_754
========================================
========================================
Processing S_755
========================================
========================================
Processing S_756
========================================
========================================
Processing S_757
========================================
========================================
Processing S_758
========================================
========================================
Processing S_759
========================================
========================================
Processing S_760
========================================
========================================
Processing S_761
========================================
========================================
Processing S_762
========================================
========================================
Processing S_763
========================================
========================================
Processing S_764
========================================
========================================
Processing S_765
========================================
========================================
Processing S_766
========================================
========================================
Processing S_767
========================================
========================================
Processing S_768
========================================
========================================
Processing S_769
========================================
========================================
Processing S_770
========================================
========================================
Processing S_771
========================================
========================================
Processing S_772
========================================
========================================
Processing S_773
========================================
========================================
Processing S_774
========================================
========================================
Processing S_775
========================================
========================================
Processing S_776
========================================
========================================
Processing S_777
========================================
========================================
Processing S_778
========================================
========================================
Processing S_779
========================================
========================================
Processing S_780
========================================
========================================
Processing S_781
========================================
========================================
Processing S_782
========================================
========================================
Processing S_783
========================================
========================================
Processing S_784
========================================
========================================
Processing S_785
========================================
========================================
Processing S_786
========================================
========================================
Processing S_787
========================================
========================================
Processing S_788
========================================
========================================
Processing S_789
========================================
========================================
Processing S_790
========================================
========================================
Processing S_791
========================================
========================================
Processing S_792
========================================
========================================
Processing S_793
========================================
========================================
Processing S_794
========================================
========================================
Processing S_795
========================================
========================================
Processing S_796
========================================
========================================
Processing S_797
========================================
========================================
Processing S_798
========================================
========================================
Processing S_799
========================================
========================================
Processing S_800
========================================
Completed 800 graphs
========================================
Processing S_801
========================================
========================================
Processing S_802
========================================
========================================
Processing S_803
========================================
========================================
Processing S_804
========================================
========================================
Processing S_805
========================================
========================================
Processing S_806
========================================
========================================
Processing S_807
========================================
========================================
Processing S_808
========================================
========================================
Processing S_809
========================================
========================================
Processing S_810
========================================
========================================
Processing S_811
========================================
========================================
Processing S_812
========================================
========================================
Processing S_813
========================================
========================================
Processing S_814
========================================
========================================
Processing S_815
========================================
========================================
Processing S_816
========================================
========================================
Processing S_817
========================================
========================================
Processing S_818
========================================
========================================
Processing S_819
========================================
========================================
Processing S_820
========================================
========================================
Processing S_821
========================================
========================================
Processing S_822
========================================
========================================
Processing S_823
========================================
========================================
Processing S_824
========================================
========================================
Processing S_825
========================================
========================================
Processing S_826
========================================
========================================
Processing S_827
========================================
========================================
Processing S_828
========================================
========================================
Processing S_829
========================================
========================================
Processing S_830
========================================
========================================
Processing S_831
========================================
========================================
Processing S_832
========================================
========================================
Processing S_833
========================================
========================================
Processing S_834
========================================
========================================
Processing S_835
========================================
========================================
Processing S_836
========================================
========================================
Processing S_837
========================================
========================================
Processing S_838
========================================
========================================
Processing S_839
========================================
========================================
Processing S_840
========================================
========================================
Processing S_841
========================================
========================================
Processing S_842
========================================
========================================
Processing S_843
========================================
========================================
Processing S_844
========================================
========================================
Processing S_845
========================================
========================================
Processing S_846
========================================
========================================
Processing S_847
========================================
========================================
Processing S_848
========================================
========================================
Processing S_849
========================================
========================================
Processing S_850
========================================
Completed 850 graphs
========================================
Processing S_851
========================================
========================================
Processing S_852
========================================
========================================
Processing S_853
========================================
========================================
Processing S_854
========================================
========================================
Processing S_855
========================================
========================================
Processing S_856
========================================
========================================
Processing S_857
========================================
========================================
Processing S_858
========================================
========================================
Processing S_859
========================================
========================================
Processing S_860
========================================
========================================
Processing S_861
========================================
========================================
Processing S_862
========================================
========================================
Processing S_863
========================================
========================================
Processing S_864
========================================
========================================
Processing S_865
========================================
========================================
Processing S_866
========================================
========================================
Processing S_867
========================================
========================================
Processing S_868
========================================
========================================
Processing S_869
========================================
========================================
Processing S_870
========================================
========================================
Processing S_871
========================================
========================================
Processing S_872
========================================
========================================
Processing S_873
========================================
========================================
Processing S_874
========================================
========================================
Processing S_875
========================================
========================================
Processing S_876
========================================
========================================
Processing S_877
========================================
========================================
Processing S_878
========================================
========================================
Processing S_879
========================================
========================================
Processing S_880
========================================
========================================
Processing S_881
========================================
========================================
Processing S_882
========================================
========================================
Processing S_883
========================================
========================================
Processing S_884
========================================
========================================
Processing S_885
========================================
========================================
Processing S_886
========================================
========================================
Processing S_887
========================================
========================================
Processing S_888
========================================
========================================
Processing S_889
========================================
========================================
Processing S_890
========================================
========================================
Processing S_891
========================================
========================================
Processing S_892
========================================
========================================
Processing S_893
========================================
========================================
Processing S_894
========================================
========================================
Processing S_895
========================================
========================================
Processing S_896
========================================
========================================
Processing S_897
========================================
========================================
Processing S_898
========================================
========================================
Processing S_899
========================================
========================================
Processing S_900
========================================
Completed 900 graphs
========================================
Processing S_901
========================================
========================================
Processing S_902
========================================
========================================
Processing S_903
========================================
========================================
Processing S_904
========================================
========================================
Processing S_905
========================================
========================================
Processing S_906
========================================
========================================
Processing S_907
========================================
========================================
Processing S_908
========================================
========================================
Processing S_909
========================================
========================================
Processing S_910
========================================
========================================
Processing S_911
========================================
========================================
Processing S_912
========================================
========================================
Processing S_913
========================================
========================================
Processing S_914
========================================
========================================
Processing S_915
========================================
========================================
Processing S_916
========================================
========================================
Processing S_917
========================================
========================================
Processing S_918
========================================
========================================
Processing S_919
========================================
========================================
Processing S_920
========================================
========================================
Processing S_921
========================================
========================================
Processing S_922
========================================
========================================
Processing S_923
========================================
========================================
Processing S_924
========================================
========================================
Processing S_925
========================================
========================================
Processing S_926
========================================
========================================
Processing S_927
========================================
========================================
Processing S_928
========================================
========================================
Processing S_929
========================================
========================================
Processing S_930
========================================
========================================
Processing S_931
========================================
========================================
Processing S_932
========================================
========================================
Processing S_933
========================================
========================================
Processing S_934
========================================
========================================
Processing S_935
========================================
========================================
Processing S_936
========================================
========================================
Processing S_937
========================================
========================================
Processing S_938
========================================
========================================
Processing S_939
========================================
========================================
Processing S_940
========================================
========================================
Processing S_941
========================================
========================================
Processing S_942
========================================
========================================
Processing S_943
========================================
========================================
Processing S_944
========================================
========================================
Processing S_945
========================================
========================================
Processing S_946
========================================
========================================
Processing S_947
========================================
========================================
Processing S_948
========================================
========================================
Processing S_949
========================================
========================================
Processing S_950
========================================
Completed 950 graphs
========================================
Processing S_951
========================================
========================================
Processing S_952
========================================
========================================
Processing S_953
========================================
========================================
Processing S_954
========================================
========================================
Processing S_955
========================================
========================================
Processing S_956
========================================
========================================
Processing S_957
========================================
========================================
Processing S_958
========================================
========================================
Processing S_959
========================================
========================================
Processing S_960
========================================
========================================
Processing S_961
========================================
========================================
Processing S_962
========================================
========================================
Processing S_963
========================================
========================================
Processing S_964
========================================
========================================
Processing S_965
========================================
========================================
Processing S_966
========================================
========================================
Processing S_967
========================================
========================================
Processing S_968
========================================
========================================
Processing S_969
========================================
========================================
Processing S_970
========================================
========================================
Processing S_971
========================================
========================================
Processing S_972
========================================
========================================
Processing S_973
========================================
========================================
Processing S_974
========================================
========================================
Processing S_975
========================================
========================================
Processing S_976
========================================
========================================
Processing S_977
========================================
========================================
Processing S_978
========================================
========================================
Processing S_979
========================================
========================================
Processing S_980
========================================
========================================
Processing S_981
========================================
========================================
Processing S_982
========================================
========================================
Processing S_983
========================================
========================================
Processing S_984
========================================
========================================
Processing S_985
========================================
========================================
Processing S_986
========================================
========================================
Processing S_987
========================================
========================================
Processing S_988
========================================
========================================
Processing S_989
========================================
========================================
Processing S_990
========================================
========================================
Processing S_991
========================================
========================================
Processing S_992
========================================
========================================
Processing S_993
========================================
========================================
Processing S_994
========================================
========================================
Processing S_995
========================================
========================================
Processing S_996
========================================
========================================
Processing S_997
========================================
========================================
Processing S_998
========================================
========================================
Processing S_999
========================================
========================================
Processing S_1000
========================================
Completed 1000 graphs

Not found in G: 1000
Finished.
Graphs with no match in G: 1000
Summary CSV: local_tests/figure1_toy_models/recovery_results/unique_pair/k_2/summary.csv
Summary text: local_tests/figure1_toy_models/recovery_results/unique_pair/k_2/summary.txt
Patterns with size different from k=2: 0
Calibrating unique_pair k=3 on S_1, threshold=-10
========================================
Processing S_1
========================================

Not found in G: 1
Finished.
Graphs with no match in G: 1
Summary CSV: local_tests/figure1_toy_models/recovery_results/calibration/unique_pair/k_3/summary.csv
Summary text: local_tests/figure1_toy_models/recovery_results/calibration/unique_pair/k_3/summary.txt
Patterns with size different from k=3: 1
Calibrating unique_pair k=3 on S_1, threshold=-13
========================================
Processing S_1
========================================

Not found in G: 1
Finished.
Graphs with no match in G: 1
Summary CSV: local_tests/figure1_toy_models/recovery_results/calibration/unique_pair/k_3/summary.csv
Summary text: local_tests/figure1_toy_models/recovery_results/calibration/unique_pair/k_3/summary.txt
Patterns with size different from k=3: 0
Running all unique_pair graphs at k=3 with calibrated threshold=-13
========================================
Processing S_1
========================================
========================================
Processing S_2
========================================
========================================
Processing S_3
========================================
========================================
Processing S_4
========================================
========================================
Processing S_5
========================================
========================================
Processing S_6
========================================
========================================
Processing S_7
========================================
========================================
Processing S_8
========================================
========================================
Processing S_9
========================================
========================================
Processing S_10
========================================
========================================
Processing S_11
========================================
========================================
Processing S_12
========================================
========================================
Processing S_13
========================================
========================================
Processing S_14
========================================
========================================
Processing S_15
========================================
========================================
Processing S_16
========================================
========================================
Processing S_17
========================================
========================================
Processing S_18
========================================
========================================
Processing S_19
========================================
========================================
Processing S_20
========================================
========================================
Processing S_21
========================================
========================================
Processing S_22
========================================
========================================
Processing S_23
========================================
========================================
Processing S_24
========================================
========================================
Processing S_25
========================================
========================================
Processing S_26
========================================
========================================
Processing S_27
========================================
========================================
Processing S_28
========================================
========================================
Processing S_29
========================================
========================================
Processing S_30
========================================
========================================
Processing S_31
========================================
========================================
Processing S_32
========================================
========================================
Processing S_33
========================================
========================================
Processing S_34
========================================
========================================
Processing S_35
========================================
========================================
Processing S_36
========================================
========================================
Processing S_37
========================================
========================================
Processing S_38
========================================
========================================
Processing S_39
========================================
========================================
Processing S_40
========================================
========================================
Processing S_41
========================================
========================================
Processing S_42
========================================
========================================
Processing S_43
========================================
========================================
Processing S_44
========================================
========================================
Processing S_45
========================================
========================================
Processing S_46
========================================
========================================
Processing S_47
========================================
========================================
Processing S_48
========================================
========================================
Processing S_49
========================================
========================================
Processing S_50
========================================
Completed 50 graphs
========================================
Processing S_51
========================================
========================================
Processing S_52
========================================
========================================
Processing S_53
========================================
========================================
Processing S_54
========================================
========================================
Processing S_55
========================================
========================================
Processing S_56
========================================
========================================
Processing S_57
========================================
========================================
Processing S_58
========================================
========================================
Processing S_59
========================================
========================================
Processing S_60
========================================
========================================
Processing S_61
========================================
========================================
Processing S_62
========================================
========================================
Processing S_63
========================================
========================================
Processing S_64
========================================
========================================
Processing S_65
========================================
========================================
Processing S_66
========================================
========================================
Processing S_67
========================================
========================================
Processing S_68
========================================
========================================
Processing S_69
========================================
========================================
Processing S_70
========================================
========================================
Processing S_71
========================================
========================================
Processing S_72
========================================
========================================
Processing S_73
========================================
========================================
Processing S_74
========================================
========================================
Processing S_75
========================================
========================================
Processing S_76
========================================
========================================
Processing S_77
========================================
========================================
Processing S_78
========================================
========================================
Processing S_79
========================================
========================================
Processing S_80
========================================
========================================
Processing S_81
========================================
========================================
Processing S_82
========================================
========================================
Processing S_83
========================================
========================================
Processing S_84
========================================
========================================
Processing S_85
========================================
========================================
Processing S_86
========================================
========================================
Processing S_87
========================================
========================================
Processing S_88
========================================
========================================
Processing S_89
========================================
========================================
Processing S_90
========================================
========================================
Processing S_91
========================================
========================================
Processing S_92
========================================
========================================
Processing S_93
========================================
========================================
Processing S_94
========================================
========================================
Processing S_95
========================================
========================================
Processing S_96
========================================
========================================
Processing S_97
========================================
========================================
Processing S_98
========================================
========================================
Processing S_99
========================================
========================================
Processing S_100
========================================
Completed 100 graphs
========================================
Processing S_101
========================================
========================================
Processing S_102
========================================
========================================
Processing S_103
========================================
========================================
Processing S_104
========================================
========================================
Processing S_105
========================================
========================================
Processing S_106
========================================
========================================
Processing S_107
========================================
========================================
Processing S_108
========================================
========================================
Processing S_109
========================================
========================================
Processing S_110
========================================
========================================
Processing S_111
========================================
========================================
Processing S_112
========================================
========================================
Processing S_113
========================================
========================================
Processing S_114
========================================
========================================
Processing S_115
========================================
========================================
Processing S_116
========================================
========================================
Processing S_117
========================================
========================================
Processing S_118
========================================
========================================
Processing S_119
========================================
========================================
Processing S_120
========================================
========================================
Processing S_121
========================================
========================================
Processing S_122
========================================
========================================
Processing S_123
========================================
========================================
Processing S_124
========================================
========================================
Processing S_125
========================================
========================================
Processing S_126
========================================
========================================
Processing S_127
========================================
========================================
Processing S_128
========================================
========================================
Processing S_129
========================================
========================================
Processing S_130
========================================
========================================
Processing S_131
========================================
========================================
Processing S_132
========================================
========================================
Processing S_133
========================================
========================================
Processing S_134
========================================
========================================
Processing S_135
========================================
========================================
Processing S_136
========================================
========================================
Processing S_137
========================================
========================================
Processing S_138
========================================
========================================
Processing S_139
========================================
========================================
Processing S_140
========================================
========================================
Processing S_141
========================================
========================================
Processing S_142
========================================
========================================
Processing S_143
========================================
========================================
Processing S_144
========================================
========================================
Processing S_145
========================================
========================================
Processing S_146
========================================
========================================
Processing S_147
========================================
========================================
Processing S_148
========================================
========================================
Processing S_149
========================================
========================================
Processing S_150
========================================
Completed 150 graphs
========================================
Processing S_151
========================================
========================================
Processing S_152
========================================
========================================
Processing S_153
========================================
========================================
Processing S_154
========================================
========================================
Processing S_155
========================================
========================================
Processing S_156
========================================
========================================
Processing S_157
========================================
========================================
Processing S_158
========================================
========================================
Processing S_159
========================================
========================================
Processing S_160
========================================
========================================
Processing S_161
========================================
========================================
Processing S_162
========================================
========================================
Processing S_163
========================================
========================================
Processing S_164
========================================
========================================
Processing S_165
========================================
========================================
Processing S_166
========================================
========================================
Processing S_167
========================================
========================================
Processing S_168
========================================
========================================
Processing S_169
========================================
========================================
Processing S_170
========================================
========================================
Processing S_171
========================================
========================================
Processing S_172
========================================
========================================
Processing S_173
========================================
========================================
Processing S_174
========================================
========================================
Processing S_175
========================================
========================================
Processing S_176
========================================
========================================
Processing S_177
========================================
========================================
Processing S_178
========================================
========================================
Processing S_179
========================================
========================================
Processing S_180
========================================
========================================
Processing S_181
========================================
========================================
Processing S_182
========================================
========================================
Processing S_183
========================================
========================================
Processing S_184
========================================
========================================
Processing S_185
========================================
========================================
Processing S_186
========================================
========================================
Processing S_187
========================================
========================================
Processing S_188
========================================
========================================
Processing S_189
========================================
========================================
Processing S_190
========================================
========================================
Processing S_191
========================================
========================================
Processing S_192
========================================
========================================
Processing S_193
========================================
========================================
Processing S_194
========================================
========================================
Processing S_195
========================================
========================================
Processing S_196
========================================
========================================
Processing S_197
========================================
========================================
Processing S_198
========================================
========================================
Processing S_199
========================================
========================================
Processing S_200
========================================
Completed 200 graphs
========================================
Processing S_201
========================================
========================================
Processing S_202
========================================
========================================
Processing S_203
========================================
========================================
Processing S_204
========================================
========================================
Processing S_205
========================================
========================================
Processing S_206
========================================
========================================
Processing S_207
========================================
========================================
Processing S_208
========================================
========================================
Processing S_209
========================================
========================================
Processing S_210
========================================
========================================
Processing S_211
========================================
========================================
Processing S_212
========================================
========================================
Processing S_213
========================================
========================================
Processing S_214
========================================
========================================
Processing S_215
========================================
========================================
Processing S_216
========================================
========================================
Processing S_217
========================================
========================================
Processing S_218
========================================
========================================
Processing S_219
========================================
========================================
Processing S_220
========================================
========================================
Processing S_221
========================================
========================================
Processing S_222
========================================
========================================
Processing S_223
========================================
========================================
Processing S_224
========================================
========================================
Processing S_225
========================================
========================================
Processing S_226
========================================
========================================
Processing S_227
========================================
========================================
Processing S_228
========================================
========================================
Processing S_229
========================================
========================================
Processing S_230
========================================
========================================
Processing S_231
========================================
========================================
Processing S_232
========================================
========================================
Processing S_233
========================================
========================================
Processing S_234
========================================
========================================
Processing S_235
========================================
========================================
Processing S_236
========================================
========================================
Processing S_237
========================================
========================================
Processing S_238
========================================
========================================
Processing S_239
========================================
========================================
Processing S_240
========================================
========================================
Processing S_241
========================================
========================================
Processing S_242
========================================
========================================
Processing S_243
========================================
========================================
Processing S_244
========================================
========================================
Processing S_245
========================================
========================================
Processing S_246
========================================
========================================
Processing S_247
========================================
========================================
Processing S_248
========================================
========================================
Processing S_249
========================================
========================================
Processing S_250
========================================
Completed 250 graphs
========================================
Processing S_251
========================================
========================================
Processing S_252
========================================
========================================
Processing S_253
========================================
========================================
Processing S_254
========================================
========================================
Processing S_255
========================================
========================================
Processing S_256
========================================
========================================
Processing S_257
========================================
========================================
Processing S_258
========================================
========================================
Processing S_259
========================================
========================================
Processing S_260
========================================
========================================
Processing S_261
========================================
========================================
Processing S_262
========================================
========================================
Processing S_263
========================================
========================================
Processing S_264
========================================
========================================
Processing S_265
========================================
========================================
Processing S_266
========================================
========================================
Processing S_267
========================================
========================================
Processing S_268
========================================
========================================
Processing S_269
========================================
========================================
Processing S_270
========================================
========================================
Processing S_271
========================================
========================================
Processing S_272
========================================
========================================
Processing S_273
========================================
========================================
Processing S_274
========================================
========================================
Processing S_275
========================================
========================================
Processing S_276
========================================
========================================
Processing S_277
========================================
========================================
Processing S_278
========================================
========================================
Processing S_279
========================================
========================================
Processing S_280
========================================
========================================
Processing S_281
========================================
========================================
Processing S_282
========================================
========================================
Processing S_283
========================================
========================================
Processing S_284
========================================
========================================
Processing S_285
========================================
========================================
Processing S_286
========================================
========================================
Processing S_287
========================================
========================================
Processing S_288
========================================
========================================
Processing S_289
========================================
========================================
Processing S_290
========================================
========================================
Processing S_291
========================================
========================================
Processing S_292
========================================
========================================
Processing S_293
========================================
========================================
Processing S_294
========================================
========================================
Processing S_295
========================================
========================================
Processing S_296
========================================
========================================
Processing S_297
========================================
========================================
Processing S_298
========================================
========================================
Processing S_299
========================================
========================================
Processing S_300
========================================
Completed 300 graphs
========================================
Processing S_301
========================================
========================================
Processing S_302
========================================
========================================
Processing S_303
========================================
========================================
Processing S_304
========================================
========================================
Processing S_305
========================================
========================================
Processing S_306
========================================
========================================
Processing S_307
========================================
========================================
Processing S_308
========================================
========================================
Processing S_309
========================================
========================================
Processing S_310
========================================
========================================
Processing S_311
========================================
========================================
Processing S_312
========================================
========================================
Processing S_313
========================================
========================================
Processing S_314
========================================
========================================
Processing S_315
========================================
========================================
Processing S_316
========================================
========================================
Processing S_317
========================================
========================================
Processing S_318
========================================
========================================
Processing S_319
========================================
========================================
Processing S_320
========================================
========================================
Processing S_321
========================================
========================================
Processing S_322
========================================
========================================
Processing S_323
========================================
========================================
Processing S_324
========================================
========================================
Processing S_325
========================================
========================================
Processing S_326
========================================
========================================
Processing S_327
========================================
========================================
Processing S_328
========================================
========================================
Processing S_329
========================================
========================================
Processing S_330
========================================
========================================
Processing S_331
========================================
========================================
Processing S_332
========================================
========================================
Processing S_333
========================================
========================================
Processing S_334
========================================
========================================
Processing S_335
========================================
========================================
Processing S_336
========================================
========================================
Processing S_337
========================================
========================================
Processing S_338
========================================
========================================
Processing S_339
========================================
========================================
Processing S_340
========================================
========================================
Processing S_341
========================================
========================================
Processing S_342
========================================
========================================
Processing S_343
========================================
========================================
Processing S_344
========================================
========================================
Processing S_345
========================================
========================================
Processing S_346
========================================
========================================
Processing S_347
========================================
========================================
Processing S_348
========================================
========================================
Processing S_349
========================================
========================================
Processing S_350
========================================
Completed 350 graphs
========================================
Processing S_351
========================================
========================================
Processing S_352
========================================
========================================
Processing S_353
========================================
========================================
Processing S_354
========================================
========================================
Processing S_355
========================================
========================================
Processing S_356
========================================
========================================
Processing S_357
========================================
========================================
Processing S_358
========================================
========================================
Processing S_359
========================================
========================================
Processing S_360
========================================
========================================
Processing S_361
========================================
========================================
Processing S_362
========================================
========================================
Processing S_363
========================================
========================================
Processing S_364
========================================
========================================
Processing S_365
========================================
========================================
Processing S_366
========================================
========================================
Processing S_367
========================================
========================================
Processing S_368
========================================
========================================
Processing S_369
========================================
========================================
Processing S_370
========================================
========================================
Processing S_371
========================================
========================================
Processing S_372
========================================
========================================
Processing S_373
========================================
========================================
Processing S_374
========================================
========================================
Processing S_375
========================================
========================================
Processing S_376
========================================
========================================
Processing S_377
========================================
========================================
Processing S_378
========================================
========================================
Processing S_379
========================================
========================================
Processing S_380
========================================
========================================
Processing S_381
========================================
========================================
Processing S_382
========================================
========================================
Processing S_383
========================================
========================================
Processing S_384
========================================
========================================
Processing S_385
========================================
========================================
Processing S_386
========================================
========================================
Processing S_387
========================================
========================================
Processing S_388
========================================
========================================
Processing S_389
========================================
========================================
Processing S_390
========================================
========================================
Processing S_391
========================================
========================================
Processing S_392
========================================
========================================
Processing S_393
========================================
========================================
Processing S_394
========================================
========================================
Processing S_395
========================================
========================================
Processing S_396
========================================
========================================
Processing S_397
========================================
========================================
Processing S_398
========================================
========================================
Processing S_399
========================================
========================================
Processing S_400
========================================
Completed 400 graphs
========================================
Processing S_401
========================================
========================================
Processing S_402
========================================
========================================
Processing S_403
========================================
========================================
Processing S_404
========================================
========================================
Processing S_405
========================================
========================================
Processing S_406
========================================
========================================
Processing S_407
========================================
========================================
Processing S_408
========================================
========================================
Processing S_409
========================================
========================================
Processing S_410
========================================
========================================
Processing S_411
========================================
========================================
Processing S_412
========================================
========================================
Processing S_413
========================================
========================================
Processing S_414
========================================
========================================
Processing S_415
========================================
========================================
Processing S_416
========================================
========================================
Processing S_417
========================================
========================================
Processing S_418
========================================
========================================
Processing S_419
========================================
========================================
Processing S_420
========================================
========================================
Processing S_421
========================================
========================================
Processing S_422
========================================
========================================
Processing S_423
========================================
========================================
Processing S_424
========================================
========================================
Processing S_425
========================================
========================================
Processing S_426
========================================
========================================
Processing S_427
========================================
========================================
Processing S_428
========================================
========================================
Processing S_429
========================================
========================================
Processing S_430
========================================
========================================
Processing S_431
========================================
========================================
Processing S_432
========================================
========================================
Processing S_433
========================================
========================================
Processing S_434
========================================
========================================
Processing S_435
========================================
========================================
Processing S_436
========================================
========================================
Processing S_437
========================================
========================================
Processing S_438
========================================
========================================
Processing S_439
========================================
========================================
Processing S_440
========================================
========================================
Processing S_441
========================================
========================================
Processing S_442
========================================
========================================
Processing S_443
========================================
========================================
Processing S_444
========================================
========================================
Processing S_445
========================================
========================================
Processing S_446
========================================
========================================
Processing S_447
========================================
========================================
Processing S_448
========================================
========================================
Processing S_449
========================================
========================================
Processing S_450
========================================
Completed 450 graphs
========================================
Processing S_451
========================================
========================================
Processing S_452
========================================
========================================
Processing S_453
========================================
========================================
Processing S_454
========================================
========================================
Processing S_455
========================================
========================================
Processing S_456
========================================
========================================
Processing S_457
========================================
========================================
Processing S_458
========================================
========================================
Processing S_459
========================================
========================================
Processing S_460
========================================
========================================
Processing S_461
========================================
========================================
Processing S_462
========================================
========================================
Processing S_463
========================================
========================================
Processing S_464
========================================
========================================
Processing S_465
========================================
========================================
Processing S_466
========================================
========================================
Processing S_467
========================================
========================================
Processing S_468
========================================
========================================
Processing S_469
========================================
========================================
Processing S_470
========================================
========================================
Processing S_471
========================================
========================================
Processing S_472
========================================
========================================
Processing S_473
========================================
========================================
Processing S_474
========================================
========================================
Processing S_475
========================================
========================================
Processing S_476
========================================
========================================
Processing S_477
========================================
========================================
Processing S_478
========================================
========================================
Processing S_479
========================================
========================================
Processing S_480
========================================
========================================
Processing S_481
========================================
========================================
Processing S_482
========================================
========================================
Processing S_483
========================================
========================================
Processing S_484
========================================
========================================
Processing S_485
========================================
========================================
Processing S_486
========================================
========================================
Processing S_487
========================================
========================================
Processing S_488
========================================
========================================
Processing S_489
========================================
========================================
Processing S_490
========================================
========================================
Processing S_491
========================================
========================================
Processing S_492
========================================
========================================
Processing S_493
========================================
========================================
Processing S_494
========================================
========================================
Processing S_495
========================================
========================================
Processing S_496
========================================
========================================
Processing S_497
========================================
========================================
Processing S_498
========================================
========================================
Processing S_499
========================================
========================================
Processing S_500
========================================
Completed 500 graphs
========================================
Processing S_501
========================================
========================================
Processing S_502
========================================
========================================
Processing S_503
========================================
========================================
Processing S_504
========================================
========================================
Processing S_505
========================================
========================================
Processing S_506
========================================
========================================
Processing S_507
========================================
========================================
Processing S_508
========================================
========================================
Processing S_509
========================================
========================================
Processing S_510
========================================
========================================
Processing S_511
========================================
========================================
Processing S_512
========================================
========================================
Processing S_513
========================================
========================================
Processing S_514
========================================
========================================
Processing S_515
========================================
========================================
Processing S_516
========================================
========================================
Processing S_517
========================================
========================================
Processing S_518
========================================
========================================
Processing S_519
========================================
========================================
Processing S_520
========================================
========================================
Processing S_521
========================================
========================================
Processing S_522
========================================
========================================
Processing S_523
========================================
========================================
Processing S_524
========================================
========================================
Processing S_525
========================================
========================================
Processing S_526
========================================
========================================
Processing S_527
========================================
========================================
Processing S_528
========================================
========================================
Processing S_529
========================================
========================================
Processing S_530
========================================
========================================
Processing S_531
========================================
========================================
Processing S_532
========================================
========================================
Processing S_533
========================================
========================================
Processing S_534
========================================
========================================
Processing S_535
========================================
========================================
Processing S_536
========================================
========================================
Processing S_537
========================================
========================================
Processing S_538
========================================
========================================
Processing S_539
========================================
========================================
Processing S_540
========================================
========================================
Processing S_541
========================================
========================================
Processing S_542
========================================
========================================
Processing S_543
========================================
========================================
Processing S_544
========================================
========================================
Processing S_545
========================================
========================================
Processing S_546
========================================
========================================
Processing S_547
========================================
========================================
Processing S_548
========================================
========================================
Processing S_549
========================================
========================================
Processing S_550
========================================
Completed 550 graphs
========================================
Processing S_551
========================================
========================================
Processing S_552
========================================
========================================
Processing S_553
========================================
========================================
Processing S_554
========================================
========================================
Processing S_555
========================================
========================================
Processing S_556
========================================
========================================
Processing S_557
========================================
========================================
Processing S_558
========================================
========================================
Processing S_559
========================================
========================================
Processing S_560
========================================
========================================
Processing S_561
========================================
========================================
Processing S_562
========================================
========================================
Processing S_563
========================================
========================================
Processing S_564
========================================
========================================
Processing S_565
========================================
========================================
Processing S_566
========================================
========================================
Processing S_567
========================================
========================================
Processing S_568
========================================
========================================
Processing S_569
========================================
========================================
Processing S_570
========================================
========================================
Processing S_571
========================================
========================================
Processing S_572
========================================
========================================
Processing S_573
========================================
========================================
Processing S_574
========================================
========================================
Processing S_575
========================================
========================================
Processing S_576
========================================
========================================
Processing S_577
========================================
========================================
Processing S_578
========================================
========================================
Processing S_579
========================================
========================================
Processing S_580
========================================
========================================
Processing S_581
========================================
========================================
Processing S_582
========================================
========================================
Processing S_583
========================================
========================================
Processing S_584
========================================
========================================
Processing S_585
========================================
========================================
Processing S_586
========================================
========================================
Processing S_587
========================================
========================================
Processing S_588
========================================
========================================
Processing S_589
========================================
========================================
Processing S_590
========================================
========================================
Processing S_591
========================================
========================================
Processing S_592
========================================
========================================
Processing S_593
========================================
========================================
Processing S_594
========================================
========================================
Processing S_595
========================================
========================================
Processing S_596
========================================
========================================
Processing S_597
========================================
========================================
Processing S_598
========================================
========================================
Processing S_599
========================================
========================================
Processing S_600
========================================
Completed 600 graphs
========================================
Processing S_601
========================================
========================================
Processing S_602
========================================
========================================
Processing S_603
========================================
========================================
Processing S_604
========================================
========================================
Processing S_605
========================================
========================================
Processing S_606
========================================
========================================
Processing S_607
========================================
========================================
Processing S_608
========================================
========================================
Processing S_609
========================================
========================================
Processing S_610
========================================
========================================
Processing S_611
========================================
========================================
Processing S_612
========================================
========================================
Processing S_613
========================================
========================================
Processing S_614
========================================
========================================
Processing S_615
========================================
========================================
Processing S_616
========================================
========================================
Processing S_617
========================================
========================================
Processing S_618
========================================
========================================
Processing S_619
========================================
========================================
Processing S_620
========================================
========================================
Processing S_621
========================================
========================================
Processing S_622
========================================
========================================
Processing S_623
========================================
========================================
Processing S_624
========================================
========================================
Processing S_625
========================================
========================================
Processing S_626
========================================
========================================
Processing S_627
========================================
========================================
Processing S_628
========================================
========================================
Processing S_629
========================================
========================================
Processing S_630
========================================
========================================
Processing S_631
========================================
========================================
Processing S_632
========================================
========================================
Processing S_633
========================================
========================================
Processing S_634
========================================
========================================
Processing S_635
========================================
========================================
Processing S_636
========================================
========================================
Processing S_637
========================================
========================================
Processing S_638
========================================
========================================
Processing S_639
========================================
========================================
Processing S_640
========================================
========================================
Processing S_641
========================================
========================================
Processing S_642
========================================
========================================
Processing S_643
========================================
========================================
Processing S_644
========================================
========================================
Processing S_645
========================================
========================================
Processing S_646
========================================
========================================
Processing S_647
========================================
========================================
Processing S_648
========================================
========================================
Processing S_649
========================================
========================================
Processing S_650
========================================
Completed 650 graphs
========================================
Processing S_651
========================================
========================================
Processing S_652
========================================
========================================
Processing S_653
========================================
========================================
Processing S_654
========================================
========================================
Processing S_655
========================================
========================================
Processing S_656
========================================
========================================
Processing S_657
========================================
========================================
Processing S_658
========================================
========================================
Processing S_659
========================================
========================================
Processing S_660
========================================
========================================
Processing S_661
========================================
========================================
Processing S_662
========================================
========================================
Processing S_663
========================================
========================================
Processing S_664
========================================
========================================
Processing S_665
========================================
========================================
Processing S_666
========================================
========================================
Processing S_667
========================================
========================================
Processing S_668
========================================
========================================
Processing S_669
========================================
========================================
Processing S_670
========================================
========================================
Processing S_671
========================================
========================================
Processing S_672
========================================
========================================
Processing S_673
========================================
========================================
Processing S_674
========================================
========================================
Processing S_675
========================================
========================================
Processing S_676
========================================
========================================
Processing S_677
========================================
========================================
Processing S_678
========================================
========================================
Processing S_679
========================================
========================================
Processing S_680
========================================
========================================
Processing S_681
========================================
========================================
Processing S_682
========================================
========================================
Processing S_683
========================================
========================================
Processing S_684
========================================
========================================
Processing S_685
========================================
========================================
Processing S_686
========================================
========================================
Processing S_687
========================================
========================================
Processing S_688
========================================
========================================
Processing S_689
========================================
========================================
Processing S_690
========================================
========================================
Processing S_691
========================================
========================================
Processing S_692
========================================
========================================
Processing S_693
========================================
========================================
Processing S_694
========================================
========================================
Processing S_695
========================================
========================================
Processing S_696
========================================
========================================
Processing S_697
========================================
========================================
Processing S_698
========================================
========================================
Processing S_699
========================================
========================================
Processing S_700
========================================
Completed 700 graphs
========================================
Processing S_701
========================================
========================================
Processing S_702
========================================
========================================
Processing S_703
========================================
========================================
Processing S_704
========================================
========================================
Processing S_705
========================================
========================================
Processing S_706
========================================
========================================
Processing S_707
========================================
========================================
Processing S_708
========================================
========================================
Processing S_709
========================================
========================================
Processing S_710
========================================
========================================
Processing S_711
========================================
========================================
Processing S_712
========================================
========================================
Processing S_713
========================================
========================================
Processing S_714
========================================
========================================
Processing S_715
========================================
========================================
Processing S_716
========================================
========================================
Processing S_717
========================================
========================================
Processing S_718
========================================
========================================
Processing S_719
========================================
========================================
Processing S_720
========================================
========================================
Processing S_721
========================================
========================================
Processing S_722
========================================
========================================
Processing S_723
========================================
========================================
Processing S_724
========================================
========================================
Processing S_725
========================================
========================================
Processing S_726
========================================
========================================
Processing S_727
========================================
========================================
Processing S_728
========================================
========================================
Processing S_729
========================================
========================================
Processing S_730
========================================
========================================
Processing S_731
========================================
========================================
Processing S_732
========================================
========================================
Processing S_733
========================================
========================================
Processing S_734
========================================
========================================
Processing S_735
========================================
========================================
Processing S_736
========================================
========================================
Processing S_737
========================================
========================================
Processing S_738
========================================
========================================
Processing S_739
========================================
========================================
Processing S_740
========================================
========================================
Processing S_741
========================================
========================================
Processing S_742
========================================
========================================
Processing S_743
========================================
========================================
Processing S_744
========================================
========================================
Processing S_745
========================================
========================================
Processing S_746
========================================
========================================
Processing S_747
========================================
========================================
Processing S_748
========================================
========================================
Processing S_749
========================================
========================================
Processing S_750
========================================
Completed 750 graphs
========================================
Processing S_751
========================================
========================================
Processing S_752
========================================
========================================
Processing S_753
========================================
========================================
Processing S_754
========================================
========================================
Processing S_755
========================================
========================================
Processing S_756
========================================
========================================
Processing S_757
========================================
========================================
Processing S_758
========================================
========================================
Processing S_759
========================================
========================================
Processing S_760
========================================
========================================
Processing S_761
========================================
========================================
Processing S_762
========================================
========================================
Processing S_763
========================================
========================================
Processing S_764
========================================
========================================
Processing S_765
========================================
========================================
Processing S_766
========================================
========================================
Processing S_767
========================================
========================================
Processing S_768
========================================
========================================
Processing S_769
========================================
========================================
Processing S_770
========================================
========================================
Processing S_771
========================================
========================================
Processing S_772
========================================
========================================
Processing S_773
========================================
========================================
Processing S_774
========================================
========================================
Processing S_775
========================================
========================================
Processing S_776
========================================
========================================
Processing S_777
========================================
========================================
Processing S_778
========================================
========================================
Processing S_779
========================================
========================================
Processing S_780
========================================
========================================
Processing S_781
========================================
========================================
Processing S_782
========================================
========================================
Processing S_783
========================================
========================================
Processing S_784
========================================
========================================
Processing S_785
========================================
========================================
Processing S_786
========================================
========================================
Processing S_787
========================================
========================================
Processing S_788
========================================
========================================
Processing S_789
========================================
========================================
Processing S_790
========================================
========================================
Processing S_791
========================================
========================================
Processing S_792
========================================
========================================
Processing S_793
========================================
========================================
Processing S_794
========================================
========================================
Processing S_795
========================================
========================================
Processing S_796
========================================
========================================
Processing S_797
========================================
========================================
Processing S_798
========================================
========================================
Processing S_799
========================================
========================================
Processing S_800
========================================
Completed 800 graphs
========================================
Processing S_801
========================================
========================================
Processing S_802
========================================
========================================
Processing S_803
========================================
========================================
Processing S_804
========================================
========================================
Processing S_805
========================================
========================================
Processing S_806
========================================
========================================
Processing S_807
========================================
========================================
Processing S_808
========================================
========================================
Processing S_809
========================================
========================================
Processing S_810
========================================
========================================
Processing S_811
========================================
========================================
Processing S_812
========================================
========================================
Processing S_813
========================================
========================================
Processing S_814
========================================
========================================
Processing S_815
========================================
========================================
Processing S_816
========================================
========================================
Processing S_817
========================================
========================================
Processing S_818
========================================
========================================
Processing S_819
========================================
========================================
Processing S_820
========================================
========================================
Processing S_821
========================================
========================================
Processing S_822
========================================
========================================
Processing S_823
========================================
========================================
Processing S_824
========================================
========================================
Processing S_825
========================================
========================================
Processing S_826
========================================
========================================
Processing S_827
========================================
========================================
Processing S_828
========================================
========================================
Processing S_829
========================================
========================================
Processing S_830
========================================
========================================
Processing S_831
========================================
========================================
Processing S_832
========================================
========================================
Processing S_833
========================================
========================================
Processing S_834
========================================
========================================
Processing S_835
========================================
========================================
Processing S_836
========================================
========================================
Processing S_837
========================================
========================================
Processing S_838
========================================
========================================
Processing S_839
========================================
========================================
Processing S_840
========================================
========================================
Processing S_841
========================================
========================================
Processing S_842
========================================
========================================
Processing S_843
========================================
========================================
Processing S_844
========================================
========================================
Processing S_845
========================================
========================================
Processing S_846
========================================
========================================
Processing S_847
========================================
========================================
Processing S_848
========================================
========================================
Processing S_849
========================================
========================================
Processing S_850
========================================
Completed 850 graphs
========================================
Processing S_851
========================================
========================================
Processing S_852
========================================
========================================
Processing S_853
========================================
========================================
Processing S_854
========================================
========================================
Processing S_855
========================================
========================================
Processing S_856
========================================
========================================
Processing S_857
========================================
========================================
Processing S_858
========================================
========================================
Processing S_859
========================================
========================================
Processing S_860
========================================
========================================
Processing S_861
========================================
========================================
Processing S_862
========================================
========================================
Processing S_863
========================================
========================================
Processing S_864
========================================
========================================
Processing S_865
========================================
========================================
Processing S_866
========================================
========================================
Processing S_867
========================================
========================================
Processing S_868
========================================
========================================
Processing S_869
========================================
========================================
Processing S_870
========================================
========================================
Processing S_871
========================================
========================================
Processing S_872
========================================
========================================
Processing S_873
========================================
========================================
Processing S_874
========================================
========================================
Processing S_875
========================================
========================================
Processing S_876
========================================
========================================
Processing S_877
========================================
========================================
Processing S_878
========================================
========================================
Processing S_879
========================================
========================================
Processing S_880
========================================
========================================
Processing S_881
========================================
========================================
Processing S_882
========================================
========================================
Processing S_883
========================================
========================================
Processing S_884
========================================
========================================
Processing S_885
========================================
========================================
Processing S_886
========================================
========================================
Processing S_887
========================================
========================================
Processing S_888
========================================
========================================
Processing S_889
========================================
========================================
Processing S_890
========================================
========================================
Processing S_891
========================================
========================================
Processing S_892
========================================
========================================
Processing S_893
========================================
========================================
Processing S_894
========================================
========================================
Processing S_895
========================================
========================================
Processing S_896
========================================
========================================
Processing S_897
========================================
========================================
Processing S_898
========================================
========================================
Processing S_899
========================================
========================================
Processing S_900
========================================
Completed 900 graphs
========================================
Processing S_901
========================================
========================================
Processing S_902
========================================
========================================
Processing S_903
========================================
========================================
Processing S_904
========================================
========================================
Processing S_905
========================================
========================================
Processing S_906
========================================
========================================
Processing S_907
========================================
========================================
Processing S_908
========================================
========================================
Processing S_909
========================================
========================================
Processing S_910
========================================
========================================
Processing S_911
========================================
========================================
Processing S_912
========================================
========================================
Processing S_913
========================================
========================================
Processing S_914
========================================
========================================
Processing S_915
========================================
========================================
Processing S_916
========================================
========================================
Processing S_917
========================================
========================================
Processing S_918
========================================
========================================
Processing S_919
========================================
========================================
Processing S_920
========================================
========================================
Processing S_921
========================================
========================================
Processing S_922
========================================
========================================
Processing S_923
========================================
========================================
Processing S_924
========================================
========================================
Processing S_925
========================================
========================================
Processing S_926
========================================
========================================
Processing S_927
========================================
========================================
Processing S_928
========================================
========================================
Processing S_929
========================================
========================================
Processing S_930
========================================
========================================
Processing S_931
========================================
========================================
Processing S_932
========================================
========================================
Processing S_933
========================================
========================================
Processing S_934
========================================
========================================
Processing S_935
========================================
========================================
Processing S_936
========================================
========================================
Processing S_937
========================================
========================================
Processing S_938
========================================
========================================
Processing S_939
========================================
========================================
Processing S_940
========================================
========================================
Processing S_941
========================================
========================================
Processing S_942
========================================
========================================
Processing S_943
========================================
========================================
Processing S_944
========================================
========================================
Processing S_945
========================================
========================================
Processing S_946
========================================
========================================
Processing S_947
========================================
========================================
Processing S_948
========================================
========================================
Processing S_949
========================================
========================================
Processing S_950
========================================
Completed 950 graphs
========================================
Processing S_951
========================================
========================================
Processing S_952
========================================
========================================
Processing S_953
========================================
========================================
Processing S_954
========================================
========================================
Processing S_955
========================================
========================================
Processing S_956
========================================
========================================
Processing S_957
========================================
========================================
Processing S_958
========================================
========================================
Processing S_959
========================================
========================================
Processing S_960
========================================
========================================
Processing S_961
========================================
========================================
Processing S_962
========================================
========================================
Processing S_963
========================================
========================================
Processing S_964
========================================
========================================
Processing S_965
========================================
========================================
Processing S_966
========================================
========================================
Processing S_967
========================================
========================================
Processing S_968
========================================
========================================
Processing S_969
========================================
========================================
Processing S_970
========================================
========================================
Processing S_971
========================================
========================================
Processing S_972
========================================
========================================
Processing S_973
========================================
========================================
Processing S_974
========================================
========================================
Processing S_975
========================================
========================================
Processing S_976
========================================
========================================
Processing S_977
========================================
========================================
Processing S_978
========================================
========================================
Processing S_979
========================================
========================================
Processing S_980
========================================
========================================
Processing S_981
========================================
========================================
Processing S_982
========================================
========================================
Processing S_983
========================================
========================================
Processing S_984
========================================
========================================
Processing S_985
========================================
========================================
Processing S_986
========================================
========================================
Processing S_987
========================================
========================================
Processing S_988
========================================
========================================
Processing S_989
========================================
========================================
Processing S_990
========================================
========================================
Processing S_991
========================================
========================================
Processing S_992
========================================
========================================
Processing S_993
========================================
========================================
Processing S_994
========================================
========================================
Processing S_995
========================================
========================================
Processing S_996
========================================
========================================
Processing S_997
========================================
========================================
Processing S_998
========================================
========================================
Processing S_999
========================================
========================================
Processing S_1000
========================================
Completed 1000 graphs

Not found in G: 816
Finished.
Graphs with no match in G: 816
Summary CSV: local_tests/figure1_toy_models/recovery_results/unique_pair/k_3/summary.csv
Summary text: local_tests/figure1_toy_models/recovery_results/unique_pair/k_3/summary.txt
Patterns with size different from k=3: 0
Calibrating unique_pair k=4 on S_1, threshold=-15
========================================
Processing S_1
========================================

Not found in G: 1
Finished.
Graphs with no match in G: 1
Summary CSV: local_tests/figure1_toy_models/recovery_results/calibration/unique_pair/k_4/summary.csv
Summary text: local_tests/figure1_toy_models/recovery_results/calibration/unique_pair/k_4/summary.txt
Patterns with size different from k=4: 1
Calibrating unique_pair k=4 on S_1, threshold=-18
========================================
Processing S_1
========================================

Not found in G: 1
Finished.
Graphs with no match in G: 1
Summary CSV: local_tests/figure1_toy_models/recovery_results/calibration/unique_pair/k_4/summary.csv
Summary text: local_tests/figure1_toy_models/recovery_results/calibration/unique_pair/k_4/summary.txt
Patterns with size different from k=4: 1
Calibrating unique_pair k=4 on S_1, threshold=-21
========================================
Processing S_1
========================================

Not found in G: 1
Finished.
Graphs with no match in G: 1
Summary CSV: local_tests/figure1_toy_models/recovery_results/calibration/unique_pair/k_4/summary.csv
Summary text: local_tests/figure1_toy_models/recovery_results/calibration/unique_pair/k_4/summary.txt
Patterns with size different from k=4: 1
Calibrating unique_pair k=4 on S_1, threshold=-24
========================================
Processing S_1
========================================

Not found in G: 1
Finished.
Graphs with no match in G: 1
Summary CSV: local_tests/figure1_toy_models/recovery_results/calibration/unique_pair/k_4/summary.csv
Summary text: local_tests/figure1_toy_models/recovery_results/calibration/unique_pair/k_4/summary.txt
Patterns with size different from k=4: 1
Calibrating unique_pair k=4 on S_1, threshold=-27
========================================
Processing S_1
========================================

Not found in G: 1
Finished.
Graphs with no match in G: 1
Summary CSV: local_tests/figure1_toy_models/recovery_results/calibration/unique_pair/k_4/summary.csv
Summary text: local_tests/figure1_toy_models/recovery_results/calibration/unique_pair/k_4/summary.txt
Patterns with size different from k=4: 0
Running all unique_pair graphs at k=4 with calibrated threshold=-27
========================================
Processing S_1
========================================
========================================
Processing S_2
========================================
========================================
Processing S_3
========================================
========================================
Processing S_4
========================================
========================================
Processing S_5
========================================
========================================
Processing S_6
========================================
========================================
Processing S_7
========================================
========================================
Processing S_8
========================================
========================================
Processing S_9
========================================
========================================
Processing S_10
========================================
========================================
Processing S_11
========================================
========================================
Processing S_12
========================================
========================================
Processing S_13
========================================
========================================
Processing S_14
========================================
========================================
Processing S_15
========================================
========================================
Processing S_16
========================================
========================================
Processing S_17
========================================
========================================
Processing S_18
========================================
========================================
Processing S_19
========================================
========================================
Processing S_20
========================================
========================================
Processing S_21
========================================
========================================
Processing S_22
========================================
========================================
Processing S_23
========================================
========================================
Processing S_24
========================================
========================================
Processing S_25
========================================
========================================
Processing S_26
========================================
========================================
Processing S_27
========================================
========================================
Processing S_28
========================================
========================================
Processing S_29
========================================
========================================
Processing S_30
========================================
========================================
Processing S_31
========================================
========================================
Processing S_32
========================================
========================================
Processing S_33
========================================
========================================
Processing S_34
========================================
========================================
Processing S_35
========================================
========================================
Processing S_36
========================================
========================================
Processing S_37
========================================
========================================
Processing S_38
========================================
========================================
Processing S_39
========================================
========================================
Processing S_40
========================================
========================================
Processing S_41
========================================
========================================
Processing S_42
========================================
========================================
Processing S_43
========================================
========================================
Processing S_44
========================================
========================================
Processing S_45
========================================
========================================
Processing S_46
========================================
========================================
Processing S_47
========================================
========================================
Processing S_48
========================================
========================================
Processing S_49
========================================
========================================
Processing S_50
========================================
Completed 50 graphs
========================================
Processing S_51
========================================
========================================
Processing S_52
========================================
========================================
Processing S_53
========================================
========================================
Processing S_54
========================================
========================================
Processing S_55
========================================
========================================
Processing S_56
========================================
========================================
Processing S_57
========================================
========================================
Processing S_58
========================================
========================================
Processing S_59
========================================
========================================
Processing S_60
========================================
========================================
Processing S_61
========================================
========================================
Processing S_62
========================================
========================================
Processing S_63
========================================
========================================
Processing S_64
========================================
========================================
Processing S_65
========================================
========================================
Processing S_66
========================================
========================================
Processing S_67
========================================
========================================
Processing S_68
========================================
========================================
Processing S_69
========================================
========================================
Processing S_70
========================================
========================================
Processing S_71
========================================
========================================
Processing S_72
========================================
========================================
Processing S_73
========================================
========================================
Processing S_74
========================================
========================================
Processing S_75
========================================
========================================
Processing S_76
========================================
========================================
Processing S_77
========================================
========================================
Processing S_78
========================================
========================================
Processing S_79
========================================
========================================
Processing S_80
========================================
========================================
Processing S_81
========================================
========================================
Processing S_82
========================================
========================================
Processing S_83
========================================
========================================
Processing S_84
========================================
========================================
Processing S_85
========================================
========================================
Processing S_86
========================================
========================================
Processing S_87
========================================
========================================
Processing S_88
========================================
========================================
Processing S_89
========================================
========================================
Processing S_90
========================================
========================================
Processing S_91
========================================
========================================
Processing S_92
========================================
========================================
Processing S_93
========================================
========================================
Processing S_94
========================================
========================================
Processing S_95
========================================
========================================
Processing S_96
========================================
========================================
Processing S_97
========================================
========================================
Processing S_98
========================================
========================================
Processing S_99
========================================
========================================
Processing S_100
========================================
Completed 100 graphs
========================================
Processing S_101
========================================
========================================
Processing S_102
========================================
========================================
Processing S_103
========================================
========================================
Processing S_104
========================================
========================================
Processing S_105
========================================
========================================
Processing S_106
========================================
========================================
Processing S_107
========================================
========================================
Processing S_108
========================================
========================================
Processing S_109
========================================
========================================
Processing S_110
========================================
========================================
Processing S_111
========================================
========================================
Processing S_112
========================================
========================================
Processing S_113
========================================
========================================
Processing S_114
========================================
========================================
Processing S_115
========================================
========================================
Processing S_116
========================================
========================================
Processing S_117
========================================
========================================
Processing S_118
========================================
========================================
Processing S_119
========================================
========================================
Processing S_120
========================================
========================================
Processing S_121
========================================
========================================
Processing S_122
========================================
========================================
Processing S_123
========================================
========================================
Processing S_124
========================================
========================================
Processing S_125
========================================
========================================
Processing S_126
========================================
========================================
Processing S_127
========================================
========================================
Processing S_128
========================================
========================================
Processing S_129
========================================
========================================
Processing S_130
========================================
========================================
Processing S_131
========================================
========================================
Processing S_132
========================================
========================================
Processing S_133
========================================
========================================
Processing S_134
========================================
========================================
Processing S_135
========================================
========================================
Processing S_136
========================================
========================================
Processing S_137
========================================
========================================
Processing S_138
========================================
========================================
Processing S_139
========================================
========================================
Processing S_140
========================================
========================================
Processing S_141
========================================
========================================
Processing S_142
========================================
========================================
Processing S_143
========================================
========================================
Processing S_144
========================================
========================================
Processing S_145
========================================
========================================
Processing S_146
========================================
========================================
Processing S_147
========================================
========================================
Processing S_148
========================================
========================================
Processing S_149
========================================
========================================
Processing S_150
========================================
Completed 150 graphs
========================================
Processing S_151
========================================
========================================
Processing S_152
========================================
========================================
Processing S_153
========================================
========================================
Processing S_154
========================================
========================================
Processing S_155
========================================
========================================
Processing S_156
========================================
========================================
Processing S_157
========================================
========================================
Processing S_158
========================================
========================================
Processing S_159
========================================
========================================
Processing S_160
========================================
========================================
Processing S_161
========================================
========================================
Processing S_162
========================================
========================================
Processing S_163
========================================
========================================
Processing S_164
========================================
========================================
Processing S_165
========================================
========================================
Processing S_166
========================================
========================================
Processing S_167
========================================
========================================
Processing S_168
========================================
========================================
Processing S_169
========================================
========================================
Processing S_170
========================================
========================================
Processing S_171
========================================
========================================
Processing S_172
========================================
========================================
Processing S_173
========================================
========================================
Processing S_174
========================================
========================================
Processing S_175
========================================
========================================
Processing S_176
========================================
========================================
Processing S_177
========================================
========================================
Processing S_178
========================================
========================================
Processing S_179
========================================
========================================
Processing S_180
========================================
========================================
Processing S_181
========================================
========================================
Processing S_182
========================================
========================================
Processing S_183
========================================
========================================
Processing S_184
========================================
========================================
Processing S_185
========================================
========================================
Processing S_186
========================================
========================================
Processing S_187
========================================
========================================
Processing S_188
========================================
========================================
Processing S_189
========================================
========================================
Processing S_190
========================================
========================================
Processing S_191
========================================
========================================
Processing S_192
========================================
========================================
Processing S_193
========================================
========================================
Processing S_194
========================================
========================================
Processing S_195
========================================
========================================
Processing S_196
========================================
========================================
Processing S_197
========================================
========================================
Processing S_198
========================================
========================================
Processing S_199
========================================
========================================
Processing S_200
========================================
Completed 200 graphs
========================================
Processing S_201
========================================
========================================
Processing S_202
========================================
========================================
Processing S_203
========================================
========================================
Processing S_204
========================================
========================================
Processing S_205
========================================
========================================
Processing S_206
========================================
========================================
Processing S_207
========================================
========================================
Processing S_208
========================================
========================================
Processing S_209
========================================
========================================
Processing S_210
========================================
========================================
Processing S_211
========================================
========================================
Processing S_212
========================================
========================================
Processing S_213
========================================
========================================
Processing S_214
========================================
========================================
Processing S_215
========================================
========================================
Processing S_216
========================================
========================================
Processing S_217
========================================
========================================
Processing S_218
========================================
========================================
Processing S_219
========================================
========================================
Processing S_220
========================================
========================================
Processing S_221
========================================
========================================
Processing S_222
========================================
========================================
Processing S_223
========================================
========================================
Processing S_224
========================================
========================================
Processing S_225
========================================
========================================
Processing S_226
========================================
========================================
Processing S_227
========================================
========================================
Processing S_228
========================================
========================================
Processing S_229
========================================
========================================
Processing S_230
========================================
========================================
Processing S_231
========================================
========================================
Processing S_232
========================================
========================================
Processing S_233
========================================
========================================
Processing S_234
========================================
========================================
Processing S_235
========================================
========================================
Processing S_236
========================================
========================================
Processing S_237
========================================
========================================
Processing S_238
========================================
========================================
Processing S_239
========================================
========================================
Processing S_240
========================================
========================================
Processing S_241
========================================
========================================
Processing S_242
========================================
========================================
Processing S_243
========================================
========================================
Processing S_244
========================================
========================================
Processing S_245
========================================
========================================
Processing S_246
========================================
========================================
Processing S_247
========================================
========================================
Processing S_248
========================================
========================================
Processing S_249
========================================
========================================
Processing S_250
========================================
Completed 250 graphs
========================================
Processing S_251
========================================
========================================
Processing S_252
========================================
========================================
Processing S_253
========================================
========================================
Processing S_254
========================================
========================================
Processing S_255
========================================
========================================
Processing S_256
========================================
========================================
Processing S_257
========================================
========================================
Processing S_258
========================================
========================================
Processing S_259
========================================
========================================
Processing S_260
========================================
========================================
Processing S_261
========================================
========================================
Processing S_262
========================================
========================================
Processing S_263
========================================
========================================
Processing S_264
========================================
========================================
Processing S_265
========================================
========================================
Processing S_266
========================================
========================================
Processing S_267
========================================
========================================
Processing S_268
========================================
========================================
Processing S_269
========================================
========================================
Processing S_270
========================================
========================================
Processing S_271
========================================
========================================
Processing S_272
========================================
========================================
Processing S_273
========================================
========================================
Processing S_274
========================================
========================================
Processing S_275
========================================
========================================
Processing S_276
========================================
========================================
Processing S_277
========================================
========================================
Processing S_278
========================================
========================================
Processing S_279
========================================
========================================
Processing S_280
========================================
========================================
Processing S_281
========================================
========================================
Processing S_282
========================================
========================================
Processing S_283
========================================
========================================
Processing S_284
========================================
========================================
Processing S_285
========================================
========================================
Processing S_286
========================================
========================================
Processing S_287
========================================
========================================
Processing S_288
========================================
========================================
Processing S_289
========================================
========================================
Processing S_290
========================================
========================================
Processing S_291
========================================
========================================
Processing S_292
========================================
========================================
Processing S_293
========================================
========================================
Processing S_294
========================================
========================================
Processing S_295
========================================
========================================
Processing S_296
========================================
========================================
Processing S_297
========================================
========================================
Processing S_298
========================================
========================================
Processing S_299
========================================
========================================
Processing S_300
========================================
Completed 300 graphs
========================================
Processing S_301
========================================
========================================
Processing S_302
========================================
========================================
Processing S_303
========================================
========================================
Processing S_304
========================================
========================================
Processing S_305
========================================
========================================
Processing S_306
========================================
========================================
Processing S_307
========================================
========================================
Processing S_308
========================================
========================================
Processing S_309
========================================
========================================
Processing S_310
========================================
========================================
Processing S_311
========================================
========================================
Processing S_312
========================================
========================================
Processing S_313
========================================
========================================
Processing S_314
========================================
========================================
Processing S_315
========================================
========================================
Processing S_316
========================================
========================================
Processing S_317
========================================
========================================
Processing S_318
========================================
========================================
Processing S_319
========================================
========================================
Processing S_320
========================================
========================================
Processing S_321
========================================
========================================
Processing S_322
========================================
========================================
Processing S_323
========================================
========================================
Processing S_324
========================================
========================================
Processing S_325
========================================
========================================
Processing S_326
========================================
========================================
Processing S_327
========================================
========================================
Processing S_328
========================================
========================================
Processing S_329
========================================
========================================
Processing S_330
========================================
========================================
Processing S_331
========================================
========================================
Processing S_332
========================================
========================================
Processing S_333
========================================
========================================
Processing S_334
========================================
========================================
Processing S_335
========================================
========================================
Processing S_336
========================================
========================================
Processing S_337
========================================
========================================
Processing S_338
========================================
========================================
Processing S_339
========================================
========================================
Processing S_340
========================================
========================================
Processing S_341
========================================
========================================
Processing S_342
========================================
========================================
Processing S_343
========================================
========================================
Processing S_344
========================================
========================================
Processing S_345
========================================
========================================
Processing S_346
========================================
========================================
Processing S_347
========================================
========================================
Processing S_348
========================================
========================================
Processing S_349
========================================
========================================
Processing S_350
========================================
Completed 350 graphs
========================================
Processing S_351
========================================
========================================
Processing S_352
========================================
========================================
Processing S_353
========================================
========================================
Processing S_354
========================================
========================================
Processing S_355
========================================
========================================
Processing S_356
========================================
========================================
Processing S_357
========================================
========================================
Processing S_358
========================================
========================================
Processing S_359
========================================
========================================
Processing S_360
========================================
========================================
Processing S_361
========================================
========================================
Processing S_362
========================================
========================================
Processing S_363
========================================
========================================
Processing S_364
========================================
========================================
Processing S_365
========================================
========================================
Processing S_366
========================================
========================================
Processing S_367
========================================
========================================
Processing S_368
========================================
========================================
Processing S_369
========================================
========================================
Processing S_370
========================================
========================================
Processing S_371
========================================
========================================
Processing S_372
========================================
========================================
Processing S_373
========================================
========================================
Processing S_374
========================================
========================================
Processing S_375
========================================
========================================
Processing S_376
========================================
========================================
Processing S_377
========================================
========================================
Processing S_378
========================================
========================================
Processing S_379
========================================
========================================
Processing S_380
========================================
========================================
Processing S_381
========================================
========================================
Processing S_382
========================================
========================================
Processing S_383
========================================
========================================
Processing S_384
========================================
========================================
Processing S_385
========================================
========================================
Processing S_386
========================================
========================================
Processing S_387
========================================
========================================
Processing S_388
========================================
========================================
Processing S_389
========================================
========================================
Processing S_390
========================================
========================================
Processing S_391
========================================
========================================
Processing S_392
========================================
========================================
Processing S_393
========================================
========================================
Processing S_394
========================================
========================================
Processing S_395
========================================
========================================
Processing S_396
========================================
========================================
Processing S_397
========================================
========================================
Processing S_398
========================================
========================================
Processing S_399
========================================
========================================
Processing S_400
========================================
Completed 400 graphs
========================================
Processing S_401
========================================
========================================
Processing S_402
========================================
========================================
Processing S_403
========================================
========================================
Processing S_404
========================================
========================================
Processing S_405
========================================
========================================
Processing S_406
========================================
========================================
Processing S_407
========================================
========================================
Processing S_408
========================================
========================================
Processing S_409
========================================
========================================
Processing S_410
========================================
========================================
Processing S_411
========================================
========================================
Processing S_412
========================================
========================================
Processing S_413
========================================
========================================
Processing S_414
========================================
========================================
Processing S_415
========================================
========================================
Processing S_416
========================================
========================================
Processing S_417
========================================
========================================
Processing S_418
========================================
========================================
Processing S_419
========================================
========================================
Processing S_420
========================================
========================================
Processing S_421
========================================
========================================
Processing S_422
========================================
========================================
Processing S_423
========================================
========================================
Processing S_424
========================================
========================================
Processing S_425
========================================
========================================
Processing S_426
========================================
========================================
Processing S_427
========================================
========================================
Processing S_428
========================================
========================================
Processing S_429
========================================
========================================
Processing S_430
========================================
========================================
Processing S_431
========================================
========================================
Processing S_432
========================================
========================================
Processing S_433
========================================
========================================
Processing S_434
========================================
========================================
Processing S_435
========================================
========================================
Processing S_436
========================================
========================================
Processing S_437
========================================
========================================
Processing S_438
========================================
========================================
Processing S_439
========================================
========================================
Processing S_440
========================================
========================================
Processing S_441
========================================
========================================
Processing S_442
========================================
========================================
Processing S_443
========================================
========================================
Processing S_444
========================================
========================================
Processing S_445
========================================
========================================
Processing S_446
========================================
========================================
Processing S_447
========================================
========================================
Processing S_448
========================================
========================================
Processing S_449
========================================
========================================
Processing S_450
========================================
Completed 450 graphs
========================================
Processing S_451
========================================
========================================
Processing S_452
========================================
========================================
Processing S_453
========================================
========================================
Processing S_454
========================================
========================================
Processing S_455
========================================
========================================
Processing S_456
========================================
========================================
Processing S_457
========================================
========================================
Processing S_458
========================================
========================================
Processing S_459
========================================
========================================
Processing S_460
========================================
========================================
Processing S_461
========================================
========================================
Processing S_462
========================================
========================================
Processing S_463
========================================
========================================
Processing S_464
========================================
========================================
Processing S_465
========================================
========================================
Processing S_466
========================================
========================================
Processing S_467
========================================
========================================
Processing S_468
========================================
========================================
Processing S_469
========================================
========================================
Processing S_470
========================================
========================================
Processing S_471
========================================
========================================
Processing S_472
========================================
========================================
Processing S_473
========================================
========================================
Processing S_474
========================================
========================================
Processing S_475
========================================
========================================
Processing S_476
========================================
========================================
Processing S_477
========================================
========================================
Processing S_478
========================================
========================================
Processing S_479
========================================
========================================
Processing S_480
========================================
========================================
Processing S_481
========================================
========================================
Processing S_482
========================================
========================================
Processing S_483
========================================
========================================
Processing S_484
========================================
========================================
Processing S_485
========================================
========================================
Processing S_486
========================================
========================================
Processing S_487
========================================
========================================
Processing S_488
========================================
========================================
Processing S_489
========================================
========================================
Processing S_490
========================================
========================================
Processing S_491
========================================
========================================
Processing S_492
========================================
========================================
Processing S_493
========================================
========================================
Processing S_494
========================================
========================================
Processing S_495
========================================
========================================
Processing S_496
========================================
========================================
Processing S_497
========================================
========================================
Processing S_498
========================================
========================================
Processing S_499
========================================
========================================
Processing S_500
========================================
Completed 500 graphs
========================================
Processing S_501
========================================
========================================
Processing S_502
========================================
========================================
Processing S_503
========================================
========================================
Processing S_504
========================================
========================================
Processing S_505
========================================
========================================
Processing S_506
========================================
========================================
Processing S_507
========================================
========================================
Processing S_508
========================================
========================================
Processing S_509
========================================
========================================
Processing S_510
========================================
========================================
Processing S_511
========================================
========================================
Processing S_512
========================================
========================================
Processing S_513
========================================
========================================
Processing S_514
========================================
========================================
Processing S_515
========================================
========================================
Processing S_516
========================================
========================================
Processing S_517
========================================
========================================
Processing S_518
========================================
========================================
Processing S_519
========================================
========================================
Processing S_520
========================================
========================================
Processing S_521
========================================
========================================
Processing S_522
========================================
========================================
Processing S_523
========================================
========================================
Processing S_524
========================================
========================================
Processing S_525
========================================
========================================
Processing S_526
========================================
========================================
Processing S_527
========================================
========================================
Processing S_528
========================================
========================================
Processing S_529
========================================
========================================
Processing S_530
========================================
========================================
Processing S_531
========================================
========================================
Processing S_532
========================================
========================================
Processing S_533
========================================
========================================
Processing S_534
========================================
========================================
Processing S_535
========================================
========================================
Processing S_536
========================================
========================================
Processing S_537
========================================
========================================
Processing S_538
========================================
========================================
Processing S_539
========================================
========================================
Processing S_540
========================================
========================================
Processing S_541
========================================
========================================
Processing S_542
========================================
========================================
Processing S_543
========================================
========================================
Processing S_544
========================================
========================================
Processing S_545
========================================
========================================
Processing S_546
========================================
========================================
Processing S_547
========================================
========================================
Processing S_548
========================================
========================================
Processing S_549
========================================
========================================
Processing S_550
========================================
Completed 550 graphs
========================================
Processing S_551
========================================
========================================
Processing S_552
========================================
========================================
Processing S_553
========================================
========================================
Processing S_554
========================================
========================================
Processing S_555
========================================
========================================
Processing S_556
========================================
========================================
Processing S_557
========================================
========================================
Processing S_558
========================================
========================================
Processing S_559
========================================
========================================
Processing S_560
========================================
========================================
Processing S_561
========================================
========================================
Processing S_562
========================================
========================================
Processing S_563
========================================
========================================
Processing S_564
========================================
========================================
Processing S_565
========================================
========================================
Processing S_566
========================================
========================================
Processing S_567
========================================
========================================
Processing S_568
========================================
========================================
Processing S_569
========================================
========================================
Processing S_570
========================================
========================================
Processing S_571
========================================
========================================
Processing S_572
========================================
========================================
Processing S_573
========================================
========================================
Processing S_574
========================================
========================================
Processing S_575
========================================
========================================
Processing S_576
========================================
========================================
Processing S_577
========================================
========================================
Processing S_578
========================================
========================================
Processing S_579
========================================
========================================
Processing S_580
========================================
========================================
Processing S_581
========================================
========================================
Processing S_582
========================================
========================================
Processing S_583
========================================
========================================
Processing S_584
========================================
========================================
Processing S_585
========================================
========================================
Processing S_586
========================================
========================================
Processing S_587
========================================
========================================
Processing S_588
========================================
========================================
Processing S_589
========================================
========================================
Processing S_590
========================================
========================================
Processing S_591
========================================
========================================
Processing S_592
========================================
========================================
Processing S_593
========================================
========================================
Processing S_594
========================================
========================================
Processing S_595
========================================
========================================
Processing S_596
========================================
========================================
Processing S_597
========================================
========================================
Processing S_598
========================================
========================================
Processing S_599
========================================
========================================
Processing S_600
========================================
Completed 600 graphs
========================================
Processing S_601
========================================
========================================
Processing S_602
========================================
========================================
Processing S_603
========================================
========================================
Processing S_604
========================================
========================================
Processing S_605
========================================
========================================
Processing S_606
========================================
========================================
Processing S_607
========================================
========================================
Processing S_608
========================================
========================================
Processing S_609
========================================
========================================
Processing S_610
========================================
========================================
Processing S_611
========================================
========================================
Processing S_612
========================================
========================================
Processing S_613
========================================
========================================
Processing S_614
========================================
========================================
Processing S_615
========================================
========================================
Processing S_616
========================================
========================================
Processing S_617
========================================
========================================
Processing S_618
========================================
========================================
Processing S_619
========================================
========================================
Processing S_620
========================================
========================================
Processing S_621
========================================
========================================
Processing S_622
========================================
========================================
Processing S_623
========================================
========================================
Processing S_624
========================================
========================================
Processing S_625
========================================
========================================
Processing S_626
========================================
========================================
Processing S_627
========================================
========================================
Processing S_628
========================================
========================================
Processing S_629
========================================
========================================
Processing S_630
========================================
========================================
Processing S_631
========================================
========================================
Processing S_632
========================================
========================================
Processing S_633
========================================
========================================
Processing S_634
========================================
========================================
Processing S_635
========================================
========================================
Processing S_636
========================================
========================================
Processing S_637
========================================
========================================
Processing S_638
========================================
========================================
Processing S_639
========================================
========================================
Processing S_640
========================================
========================================
Processing S_641
========================================
========================================
Processing S_642
========================================
========================================
Processing S_643
========================================
========================================
Processing S_644
========================================
========================================
Processing S_645
========================================
========================================
Processing S_646
========================================
========================================
Processing S_647
========================================
========================================
Processing S_648
========================================
========================================
Processing S_649
========================================
========================================
Processing S_650
========================================
Completed 650 graphs
========================================
Processing S_651
========================================
========================================
Processing S_652
========================================
========================================
Processing S_653
========================================
========================================
Processing S_654
========================================
========================================
Processing S_655
========================================
========================================
Processing S_656
========================================
========================================
Processing S_657
========================================
========================================
Processing S_658
========================================
========================================
Processing S_659
========================================
========================================
Processing S_660
========================================
========================================
Processing S_661
========================================
========================================
Processing S_662
========================================
========================================
Processing S_663
========================================
========================================
Processing S_664
========================================
========================================
Processing S_665
========================================
========================================
Processing S_666
========================================
========================================
Processing S_667
========================================
========================================
Processing S_668
========================================
========================================
Processing S_669
========================================
========================================
Processing S_670
========================================
========================================
Processing S_671
========================================
========================================
Processing S_672
========================================
========================================
Processing S_673
========================================
========================================
Processing S_674
========================================
========================================
Processing S_675
========================================
========================================
Processing S_676
========================================
========================================
Processing S_677
========================================
========================================
Processing S_678
========================================
========================================
Processing S_679
========================================
========================================
Processing S_680
========================================
========================================
Processing S_681
========================================
========================================
Processing S_682
========================================
========================================
Processing S_683
========================================
========================================
Processing S_684
========================================
========================================
Processing S_685
========================================
========================================
Processing S_686
========================================
========================================
Processing S_687
========================================
========================================
Processing S_688
========================================
========================================
Processing S_689
========================================
========================================
Processing S_690
========================================
========================================
Processing S_691
========================================
========================================
Processing S_692
========================================
========================================
Processing S_693
========================================
========================================
Processing S_694
========================================
========================================
Processing S_695
========================================
========================================
Processing S_696
========================================
========================================
Processing S_697
========================================
========================================
Processing S_698
========================================
========================================
Processing S_699
========================================
========================================
Processing S_700
========================================
Completed 700 graphs
========================================
Processing S_701
========================================
========================================
Processing S_702
========================================
========================================
Processing S_703
========================================
========================================
Processing S_704
========================================
========================================
Processing S_705
========================================
========================================
Processing S_706
========================================
========================================
Processing S_707
========================================
========================================
Processing S_708
========================================
========================================
Processing S_709
========================================
========================================
Processing S_710
========================================
========================================
Processing S_711
========================================
========================================
Processing S_712
========================================
========================================
Processing S_713
========================================
========================================
Processing S_714
========================================
========================================
Processing S_715
========================================
========================================
Processing S_716
========================================
========================================
Processing S_717
========================================
========================================
Processing S_718
========================================
========================================
Processing S_719
========================================
========================================
Processing S_720
========================================
========================================
Processing S_721
========================================
========================================
Processing S_722
========================================
========================================
Processing S_723
========================================
========================================
Processing S_724
========================================
========================================
Processing S_725
========================================
========================================
Processing S_726
========================================
========================================
Processing S_727
========================================
========================================
Processing S_728
========================================
========================================
Processing S_729
========================================
========================================
Processing S_730
========================================
========================================
Processing S_731
========================================
========================================
Processing S_732
========================================
========================================
Processing S_733
========================================
========================================
Processing S_734
========================================
========================================
Processing S_735
========================================
========================================
Processing S_736
========================================
========================================
Processing S_737
========================================
========================================
Processing S_738
========================================
========================================
Processing S_739
========================================
========================================
Processing S_740
========================================
========================================
Processing S_741
========================================
========================================
Processing S_742
========================================
========================================
Processing S_743
========================================
========================================
Processing S_744
========================================
========================================
Processing S_745
========================================
========================================
Processing S_746
========================================
========================================
Processing S_747
========================================
========================================
Processing S_748
========================================
========================================
Processing S_749
========================================
========================================
Processing S_750
========================================
Completed 750 graphs
========================================
Processing S_751
========================================
========================================
Processing S_752
========================================
========================================
Processing S_753
========================================
========================================
Processing S_754
========================================
========================================
Processing S_755
========================================
========================================
Processing S_756
========================================
========================================
Processing S_757
========================================
========================================
Processing S_758
========================================
========================================
Processing S_759
========================================
========================================
Processing S_760
========================================
========================================
Processing S_761
========================================
========================================
Processing S_762
========================================
========================================
Processing S_763
========================================
========================================
Processing S_764
========================================
========================================
Processing S_765
========================================
========================================
Processing S_766
========================================
========================================
Processing S_767
========================================
========================================
Processing S_768
========================================
========================================
Processing S_769
========================================
========================================
Processing S_770
========================================
========================================
Processing S_771
========================================
========================================
Processing S_772
========================================
========================================
Processing S_773
========================================
========================================
Processing S_774
========================================
========================================
Processing S_775
========================================
========================================
Processing S_776
========================================
========================================
Processing S_777
========================================
========================================
Processing S_778
========================================
========================================
Processing S_779
========================================
========================================
Processing S_780
========================================
========================================
Processing S_781
========================================
========================================
Processing S_782
========================================
========================================
Processing S_783
========================================
========================================
Processing S_784
========================================
========================================
Processing S_785
========================================
========================================
Processing S_786
========================================
========================================
Processing S_787
========================================
========================================
Processing S_788
========================================
========================================
Processing S_789
========================================
========================================
Processing S_790
========================================
========================================
Processing S_791
========================================
========================================
Processing S_792
========================================
========================================
Processing S_793
========================================
========================================
Processing S_794
========================================
========================================
Processing S_795
========================================
========================================
Processing S_796
========================================
========================================
Processing S_797
========================================
========================================
Processing S_798
========================================
========================================
Processing S_799
========================================
========================================
Processing S_800
========================================
Completed 800 graphs
========================================
Processing S_801
========================================
========================================
Processing S_802
========================================
========================================
Processing S_803
========================================
========================================
Processing S_804
========================================
========================================
Processing S_805
========================================
========================================
Processing S_806
========================================
========================================
Processing S_807
========================================
========================================
Processing S_808
========================================
========================================
Processing S_809
========================================
========================================
Processing S_810
========================================
========================================
Processing S_811
========================================
========================================
Processing S_812
========================================
========================================
Processing S_813
========================================
========================================
Processing S_814
========================================
========================================
Processing S_815
========================================
========================================
Processing S_816
========================================
========================================
Processing S_817
========================================
========================================
Processing S_818
========================================
========================================
Processing S_819
========================================
========================================
Processing S_820
========================================
========================================
Processing S_821
========================================
========================================
Processing S_822
========================================
========================================
Processing S_823
========================================
========================================
Processing S_824
========================================
========================================
Processing S_825
========================================
========================================
Processing S_826
========================================
========================================
Processing S_827
========================================
========================================
Processing S_828
========================================
========================================
Processing S_829
========================================
========================================
Processing S_830
========================================
========================================
Processing S_831
========================================
========================================
Processing S_832
========================================
========================================
Processing S_833
========================================
========================================
Processing S_834
========================================
========================================
Processing S_835
========================================
========================================
Processing S_836
========================================
========================================
Processing S_837
========================================
========================================
Processing S_838
========================================
========================================
Processing S_839
========================================
========================================
Processing S_840
========================================
========================================
Processing S_841
========================================
========================================
Processing S_842
========================================
========================================
Processing S_843
========================================
========================================
Processing S_844
========================================
========================================
Processing S_845
========================================
========================================
Processing S_846
========================================
========================================
Processing S_847
========================================
========================================
Processing S_848
========================================
========================================
Processing S_849
========================================
========================================
Processing S_850
========================================
Completed 850 graphs
========================================
Processing S_851
========================================
========================================
Processing S_852
========================================
========================================
Processing S_853
========================================
========================================
Processing S_854
========================================
========================================
Processing S_855
========================================
========================================
Processing S_856
========================================
========================================
Processing S_857
========================================
========================================
Processing S_858
========================================
========================================
Processing S_859
========================================
========================================
Processing S_860
========================================
========================================
Processing S_861
========================================
========================================
Processing S_862
========================================
========================================
Processing S_863
========================================
========================================
Processing S_864
========================================
========================================
Processing S_865
========================================
========================================
Processing S_866
========================================
========================================
Processing S_867
========================================
========================================
Processing S_868
========================================
========================================
Processing S_869
========================================
========================================
Processing S_870
========================================
========================================
Processing S_871
========================================
========================================
Processing S_872
========================================
========================================
Processing S_873
========================================
========================================
Processing S_874
========================================
========================================
Processing S_875
========================================
========================================
Processing S_876
========================================
========================================
Processing S_877
========================================
========================================
Processing S_878
========================================
========================================
Processing S_879
========================================
========================================
Processing S_880
========================================
========================================
Processing S_881
========================================
========================================
Processing S_882
========================================
========================================
Processing S_883
========================================
========================================
Processing S_884
========================================
========================================
Processing S_885
========================================
========================================
Processing S_886
========================================
========================================
Processing S_887
========================================
========================================
Processing S_888
========================================
========================================
Processing S_889
========================================
========================================
Processing S_890
========================================
========================================
Processing S_891
========================================
========================================
Processing S_892
========================================
========================================
Processing S_893
========================================
========================================
Processing S_894
========================================
========================================
Processing S_895
========================================
========================================
Processing S_896
========================================
========================================
Processing S_897
========================================
========================================
Processing S_898
========================================
========================================
Processing S_899
========================================
========================================
Processing S_900
========================================
Completed 900 graphs
========================================
Processing S_901
========================================
========================================
Processing S_902
========================================
========================================
Processing S_903
========================================
========================================
Processing S_904
========================================
========================================
Processing S_905
========================================
========================================
Processing S_906
========================================
========================================
Processing S_907
========================================
========================================
Processing S_908
========================================
========================================
Processing S_909
========================================
========================================
Processing S_910
========================================
========================================
Processing S_911
========================================
========================================
Processing S_912
========================================
========================================
Processing S_913
========================================
========================================
Processing S_914
========================================
========================================
Processing S_915
========================================
========================================
Processing S_916
========================================
========================================
Processing S_917
========================================
========================================
Processing S_918
========================================
========================================
Processing S_919
========================================
========================================
Processing S_920
========================================
========================================
Processing S_921
========================================
========================================
Processing S_922
========================================
========================================
Processing S_923
========================================
========================================
Processing S_924
========================================
========================================
Processing S_925
========================================
========================================
Processing S_926
========================================
========================================
Processing S_927
========================================
========================================
Processing S_928
========================================
========================================
Processing S_929
========================================
========================================
Processing S_930
========================================
========================================
Processing S_931
========================================
========================================
Processing S_932
========================================
========================================
Processing S_933
========================================
========================================
Processing S_934
========================================
========================================
Processing S_935
========================================
========================================
Processing S_936
========================================
========================================
Processing S_937
========================================
========================================
Processing S_938
========================================
========================================
Processing S_939
========================================
========================================
Processing S_940
========================================
========================================
Processing S_941
========================================
========================================
Processing S_942
========================================
========================================
Processing S_943
========================================
========================================
Processing S_944
========================================
========================================
Processing S_945
========================================
========================================
Processing S_946
========================================
========================================
Processing S_947
========================================
========================================
Processing S_948
========================================
========================================
Processing S_949
========================================
========================================
Processing S_950
========================================
Completed 950 graphs
========================================
Processing S_951
========================================
========================================
Processing S_952
========================================
========================================
Processing S_953
========================================
========================================
Processing S_954
========================================
========================================
Processing S_955
========================================
========================================
Processing S_956
========================================
========================================
Processing S_957
========================================
========================================
Processing S_958
========================================
========================================
Processing S_959
========================================
========================================
Processing S_960
========================================
========================================
Processing S_961
========================================
========================================
Processing S_962
========================================
========================================
Processing S_963
========================================
========================================
Processing S_964
========================================
========================================
Processing S_965
========================================
========================================
Processing S_966
========================================
========================================
Processing S_967
========================================
========================================
Processing S_968
========================================
========================================
Processing S_969
========================================
========================================
Processing S_970
========================================
========================================
Processing S_971
========================================
========================================
Processing S_972
========================================
========================================
Processing S_973
========================================
========================================
Processing S_974
========================================
========================================
Processing S_975
========================================
========================================
Processing S_976
========================================
========================================
Processing S_977
========================================
========================================
Processing S_978
========================================
========================================
Processing S_979
========================================
========================================
Processing S_980
========================================
========================================
Processing S_981
========================================
========================================
Processing S_982
========================================
========================================
Processing S_983
========================================
========================================
Processing S_984
========================================
========================================
Processing S_985
========================================
========================================
Processing S_986
========================================
========================================
Processing S_987
========================================
========================================
Processing S_988
========================================
========================================
Processing S_989
========================================
========================================
Processing S_990
========================================
========================================
Processing S_991
========================================
========================================
Processing S_992
========================================
========================================
Processing S_993
========================================
========================================
Processing S_994
========================================
========================================
Processing S_995
========================================
========================================
Processing S_996
========================================
========================================
Processing S_997
========================================
========================================
Processing S_998
========================================
========================================
Processing S_999
========================================
========================================
Processing S_1000
========================================
Completed 1000 graphs

Not found in G: 965
Finished.
Graphs with no match in G: 965
Summary CSV: local_tests/figure1_toy_models/recovery_results/unique_pair/k_4/summary.csv
Summary text: local_tests/figure1_toy_models/recovery_results/unique_pair/k_4/summary.txt
Patterns with size different from k=4: 69
Repairing 69 patterns whose measured size is not k=4
Repairing S_36 for k=4 with threshold=-24
========================================
Processing S_36
========================================

Not found in G: 1
Finished.
Graphs with no match in G: 1
Summary CSV: local_tests/figure1_toy_models/recovery_results/repair/unique_pair/k_4/S_36/summary.csv
Summary text: local_tests/figure1_toy_models/recovery_results/repair/unique_pair/k_4/S_36/summary.txt
Patterns with size different from k=4: 0
Repairing S_49 for k=4 with threshold=-24
========================================
Processing S_49
========================================

Not found in G: 0
Finished.
Graphs with no match in G: 0
Summary CSV: local_tests/figure1_toy_models/recovery_results/repair/unique_pair/k_4/S_49/summary.csv
Summary text: local_tests/figure1_toy_models/recovery_results/repair/unique_pair/k_4/S_49/summary.txt
Patterns with size different from k=4: 0
Repairing S_89 for k=4 with threshold=-24
========================================
Processing S_89
========================================

Not found in G: 0
Finished.
Graphs with no match in G: 0
Summary CSV: local_tests/figure1_toy_models/recovery_results/repair/unique_pair/k_4/S_89/summary.csv
Summary text: local_tests/figure1_toy_models/recovery_results/repair/unique_pair/k_4/S_89/summary.txt
Patterns with size different from k=4: 0
Repairing S_110 for k=4 with threshold=-24
========================================
Processing S_110
========================================

Not found in G: 1
Finished.
Graphs with no match in G: 1
Summary CSV: local_tests/figure1_toy_models/recovery_results/repair/unique_pair/k_4/S_110/summary.csv
Summary text: local_tests/figure1_toy_models/recovery_results/repair/unique_pair/k_4/S_110/summary.txt
Patterns with size different from k=4: 0
Repairing S_119 for k=4 with threshold=-24
========================================
Processing S_119
========================================

Not found in G: 1
Finished.
Graphs with no match in G: 1
Summary CSV: local_tests/figure1_toy_models/recovery_results/repair/unique_pair/k_4/S_119/summary.csv
Summary text: local_tests/figure1_toy_models/recovery_results/repair/unique_pair/k_4/S_119/summary.txt
Patterns with size different from k=4: 0
Repairing S_121 for k=4 with threshold=-24
========================================
Processing S_121
========================================

Not found in G: 1
Finished.
Graphs with no match in G: 1
Summary CSV: local_tests/figure1_toy_models/recovery_results/repair/unique_pair/k_4/S_121/summary.csv
Summary text: local_tests/figure1_toy_models/recovery_results/repair/unique_pair/k_4/S_121/summary.txt
Patterns with size different from k=4: 0
Repairing S_129 for k=4 with threshold=-24
========================================
Processing S_129
========================================

Not found in G: 0
Finished.
Graphs with no match in G: 0
Summary CSV: local_tests/figure1_toy_models/recovery_results/repair/unique_pair/k_4/S_129/summary.csv
Summary text: local_tests/figure1_toy_models/recovery_results/repair/unique_pair/k_4/S_129/summary.txt
Patterns with size different from k=4: 0
Repairing S_164 for k=4 with threshold=-24
========================================
Processing S_164
========================================

Not found in G: 0
Finished.
Graphs with no match in G: 0
Summary CSV: local_tests/figure1_toy_models/recovery_results/repair/unique_pair/k_4/S_164/summary.csv
Summary text: local_tests/figure1_toy_models/recovery_results/repair/unique_pair/k_4/S_164/summary.txt
Patterns with size different from k=4: 0
Repairing S_167 for k=4 with threshold=-24
========================================
Processing S_167
========================================

Not found in G: 1
Finished.
Graphs with no match in G: 1
Summary CSV: local_tests/figure1_toy_models/recovery_results/repair/unique_pair/k_4/S_167/summary.csv
Summary text: local_tests/figure1_toy_models/recovery_results/repair/unique_pair/k_4/S_167/summary.txt
Patterns with size different from k=4: 0
Repairing S_174 for k=4 with threshold=-24
========================================
Processing S_174
========================================

Not found in G: 1
Finished.
Graphs with no match in G: 1
Summary CSV: local_tests/figure1_toy_models/recovery_results/repair/unique_pair/k_4/S_174/summary.csv
Summary text: local_tests/figure1_toy_models/recovery_results/repair/unique_pair/k_4/S_174/summary.txt
Patterns with size different from k=4: 0
Repairing S_186 for k=4 with threshold=-24
========================================
Processing S_186
========================================

Not found in G: 0
Finished.
Graphs with no match in G: 0
Summary CSV: local_tests/figure1_toy_models/recovery_results/repair/unique_pair/k_4/S_186/summary.csv
Summary text: local_tests/figure1_toy_models/recovery_results/repair/unique_pair/k_4/S_186/summary.txt
Patterns with size different from k=4: 0
Repairing S_188 for k=4 with threshold=-24
========================================
Processing S_188
========================================

Not found in G: 0
Finished.
Graphs with no match in G: 0
Summary CSV: local_tests/figure1_toy_models/recovery_results/repair/unique_pair/k_4/S_188/summary.csv
Summary text: local_tests/figure1_toy_models/recovery_results/repair/unique_pair/k_4/S_188/summary.txt
Patterns with size different from k=4: 0
Repairing S_191 for k=4 with threshold=-24
========================================
Processing S_191
========================================

Not found in G: 0
Finished.
Graphs with no match in G: 0
Summary CSV: local_tests/figure1_toy_models/recovery_results/repair/unique_pair/k_4/S_191/summary.csv
Summary text: local_tests/figure1_toy_models/recovery_results/repair/unique_pair/k_4/S_191/summary.txt
Patterns with size different from k=4: 0
Repairing S_195 for k=4 with threshold=-24
========================================
Processing S_195
========================================

Not found in G: 1
Finished.
Graphs with no match in G: 1
Summary CSV: local_tests/figure1_toy_models/recovery_results/repair/unique_pair/k_4/S_195/summary.csv
Summary text: local_tests/figure1_toy_models/recovery_results/repair/unique_pair/k_4/S_195/summary.txt
Patterns with size different from k=4: 0
Repairing S_200 for k=4 with threshold=-24
========================================
Processing S_200
========================================

Not found in G: 0
Finished.
Graphs with no match in G: 0
Summary CSV: local_tests/figure1_toy_models/recovery_results/repair/unique_pair/k_4/S_200/summary.csv
Summary text: local_tests/figure1_toy_models/recovery_results/repair/unique_pair/k_4/S_200/summary.txt
Patterns with size different from k=4: 0
Repairing S_211 for k=4 with threshold=-24
========================================
Processing S_211
========================================

Not found in G: 0
Finished.
Graphs with no match in G: 0
Summary CSV: local_tests/figure1_toy_models/recovery_results/repair/unique_pair/k_4/S_211/summary.csv
Summary text: local_tests/figure1_toy_models/recovery_results/repair/unique_pair/k_4/S_211/summary.txt
Patterns with size different from k=4: 0
Repairing S_260 for k=4 with threshold=-24
========================================
Processing S_260
========================================

Not found in G: 0
Finished.
Graphs with no match in G: 0
Summary CSV: local_tests/figure1_toy_models/recovery_results/repair/unique_pair/k_4/S_260/summary.csv
Summary text: local_tests/figure1_toy_models/recovery_results/repair/unique_pair/k_4/S_260/summary.txt
Patterns with size different from k=4: 0
Repairing S_269 for k=4 with threshold=-24
========================================
Processing S_269
========================================

Not found in G: 1
Finished.
Graphs with no match in G: 1
Summary CSV: local_tests/figure1_toy_models/recovery_results/repair/unique_pair/k_4/S_269/summary.csv
Summary text: local_tests/figure1_toy_models/recovery_results/repair/unique_pair/k_4/S_269/summary.txt
Patterns with size different from k=4: 0
Repairing S_293 for k=4 with threshold=-24
========================================
Processing S_293
========================================

Not found in G: 0
Finished.
Graphs with no match in G: 0
Summary CSV: local_tests/figure1_toy_models/recovery_results/repair/unique_pair/k_4/S_293/summary.csv
Summary text: local_tests/figure1_toy_models/recovery_results/repair/unique_pair/k_4/S_293/summary.txt
Patterns with size different from k=4: 0
Repairing S_331 for k=4 with threshold=-24
========================================
Processing S_331
========================================

Not found in G: 0
Finished.
Graphs with no match in G: 0
Summary CSV: local_tests/figure1_toy_models/recovery_results/repair/unique_pair/k_4/S_331/summary.csv
Summary text: local_tests/figure1_toy_models/recovery_results/repair/unique_pair/k_4/S_331/summary.txt
Patterns with size different from k=4: 0
Repairing S_351 for k=4 with threshold=-24
========================================
Processing S_351
========================================

Not found in G: 0
Finished.
Graphs with no match in G: 0
Summary CSV: local_tests/figure1_toy_models/recovery_results/repair/unique_pair/k_4/S_351/summary.csv
Summary text: local_tests/figure1_toy_models/recovery_results/repair/unique_pair/k_4/S_351/summary.txt
Patterns with size different from k=4: 0
Repairing S_355 for k=4 with threshold=-24
========================================
Processing S_355
========================================

Not found in G: 0
Finished.
Graphs with no match in G: 0
Summary CSV: local_tests/figure1_toy_models/recovery_results/repair/unique_pair/k_4/S_355/summary.csv
Summary text: local_tests/figure1_toy_models/recovery_results/repair/unique_pair/k_4/S_355/summary.txt
Patterns with size different from k=4: 0
Repairing S_369 for k=4 with threshold=-24
========================================
Processing S_369
========================================

Not found in G: 1
Finished.
Graphs with no match in G: 1
Summary CSV: local_tests/figure1_toy_models/recovery_results/repair/unique_pair/k_4/S_369/summary.csv
Summary text: local_tests/figure1_toy_models/recovery_results/repair/unique_pair/k_4/S_369/summary.txt
Patterns with size different from k=4: 0
Repairing S_373 for k=4 with threshold=-24
========================================
Processing S_373
========================================

Not found in G: 0
Finished.
Graphs with no match in G: 0
Summary CSV: local_tests/figure1_toy_models/recovery_results/repair/unique_pair/k_4/S_373/summary.csv
Summary text: local_tests/figure1_toy_models/recovery_results/repair/unique_pair/k_4/S_373/summary.txt
Patterns with size different from k=4: 0
Repairing S_375 for k=4 with threshold=-24
========================================
Processing S_375
========================================

Not found in G: 1
Finished.
Graphs with no match in G: 1
Summary CSV: local_tests/figure1_toy_models/recovery_results/repair/unique_pair/k_4/S_375/summary.csv
Summary text: local_tests/figure1_toy_models/recovery_results/repair/unique_pair/k_4/S_375/summary.txt
Patterns with size different from k=4: 0
Repairing S_376 for k=4 with threshold=-24
========================================
Processing S_376
========================================

Not found in G: 0
Finished.
Graphs with no match in G: 0
Summary CSV: local_tests/figure1_toy_models/recovery_results/repair/unique_pair/k_4/S_376/summary.csv
Summary text: local_tests/figure1_toy_models/recovery_results/repair/unique_pair/k_4/S_376/summary.txt
Patterns with size different from k=4: 0
Repairing S_385 for k=4 with threshold=-24
========================================
Processing S_385
========================================

Not found in G: 0
Finished.
Graphs with no match in G: 0
Summary CSV: local_tests/figure1_toy_models/recovery_results/repair/unique_pair/k_4/S_385/summary.csv
Summary text: local_tests/figure1_toy_models/recovery_results/repair/unique_pair/k_4/S_385/summary.txt
Patterns with size different from k=4: 0
Repairing S_405 for k=4 with threshold=-24
========================================
Processing S_405
========================================

Not found in G: 1
Finished.
Graphs with no match in G: 1
Summary CSV: local_tests/figure1_toy_models/recovery_results/repair/unique_pair/k_4/S_405/summary.csv
Summary text: local_tests/figure1_toy_models/recovery_results/repair/unique_pair/k_4/S_405/summary.txt
Patterns with size different from k=4: 0
Repairing S_408 for k=4 with threshold=-24
========================================
Processing S_408
========================================

Not found in G: 0
Finished.
Graphs with no match in G: 0
Summary CSV: local_tests/figure1_toy_models/recovery_results/repair/unique_pair/k_4/S_408/summary.csv
Summary text: local_tests/figure1_toy_models/recovery_results/repair/unique_pair/k_4/S_408/summary.txt
Patterns with size different from k=4: 0
Repairing S_410 for k=4 with threshold=-24
========================================
Processing S_410
========================================

Not found in G: 0
Finished.
Graphs with no match in G: 0
Summary CSV: local_tests/figure1_toy_models/recovery_results/repair/unique_pair/k_4/S_410/summary.csv
Summary text: local_tests/figure1_toy_models/recovery_results/repair/unique_pair/k_4/S_410/summary.txt
Patterns with size different from k=4: 0
Repairing S_414 for k=4 with threshold=-24
========================================
Processing S_414
========================================

Not found in G: 0
Finished.
Graphs with no match in G: 0
Summary CSV: local_tests/figure1_toy_models/recovery_results/repair/unique_pair/k_4/S_414/summary.csv
Summary text: local_tests/figure1_toy_models/recovery_results/repair/unique_pair/k_4/S_414/summary.txt
Patterns with size different from k=4: 0
Repairing S_429 for k=4 with threshold=-24
========================================
Processing S_429
========================================

Not found in G: 0
Finished.
Graphs with no match in G: 0
Summary CSV: local_tests/figure1_toy_models/recovery_results/repair/unique_pair/k_4/S_429/summary.csv
Summary text: local_tests/figure1_toy_models/recovery_results/repair/unique_pair/k_4/S_429/summary.txt
Patterns with size different from k=4: 0
Repairing S_433 for k=4 with threshold=-24
========================================
Processing S_433
========================================

Not found in G: 0
Finished.
Graphs with no match in G: 0
Summary CSV: local_tests/figure1_toy_models/recovery_results/repair/unique_pair/k_4/S_433/summary.csv
Summary text: local_tests/figure1_toy_models/recovery_results/repair/unique_pair/k_4/S_433/summary.txt
Patterns with size different from k=4: 0
Repairing S_463 for k=4 with threshold=-24
========================================
Processing S_463
========================================

Not found in G: 0
Finished.
Graphs with no match in G: 0
Summary CSV: local_tests/figure1_toy_models/recovery_results/repair/unique_pair/k_4/S_463/summary.csv
Summary text: local_tests/figure1_toy_models/recovery_results/repair/unique_pair/k_4/S_463/summary.txt
Patterns with size different from k=4: 0
Repairing S_467 for k=4 with threshold=-24
========================================
Processing S_467
========================================

Not found in G: 0
Finished.
Graphs with no match in G: 0
Summary CSV: local_tests/figure1_toy_models/recovery_results/repair/unique_pair/k_4/S_467/summary.csv
Summary text: local_tests/figure1_toy_models/recovery_results/repair/unique_pair/k_4/S_467/summary.txt
Patterns with size different from k=4: 0
Repairing S_469 for k=4 with threshold=-24
========================================
Processing S_469
========================================

Not found in G: 0
Finished.
Graphs with no match in G: 0
Summary CSV: local_tests/figure1_toy_models/recovery_results/repair/unique_pair/k_4/S_469/summary.csv
Summary text: local_tests/figure1_toy_models/recovery_results/repair/unique_pair/k_4/S_469/summary.txt
Patterns with size different from k=4: 0
Repairing S_472 for k=4 with threshold=-24
========================================
Processing S_472
========================================

Not found in G: 0
Finished.
Graphs with no match in G: 0
Summary CSV: local_tests/figure1_toy_models/recovery_results/repair/unique_pair/k_4/S_472/summary.csv
Summary text: local_tests/figure1_toy_models/recovery_results/repair/unique_pair/k_4/S_472/summary.txt
Patterns with size different from k=4: 0
Repairing S_492 for k=4 with threshold=-24
========================================
Processing S_492
========================================

Not found in G: 1
Finished.
Graphs with no match in G: 1
Summary CSV: local_tests/figure1_toy_models/recovery_results/repair/unique_pair/k_4/S_492/summary.csv
Summary text: local_tests/figure1_toy_models/recovery_results/repair/unique_pair/k_4/S_492/summary.txt
Patterns with size different from k=4: 0
Repairing S_570 for k=4 with threshold=-24
========================================
Processing S_570
========================================

Not found in G: 0
Finished.
Graphs with no match in G: 0
Summary CSV: local_tests/figure1_toy_models/recovery_results/repair/unique_pair/k_4/S_570/summary.csv
Summary text: local_tests/figure1_toy_models/recovery_results/repair/unique_pair/k_4/S_570/summary.txt
Patterns with size different from k=4: 0
Repairing S_582 for k=4 with threshold=-24
========================================
Processing S_582
========================================

Not found in G: 1
Finished.
Graphs with no match in G: 1
Summary CSV: local_tests/figure1_toy_models/recovery_results/repair/unique_pair/k_4/S_582/summary.csv
Summary text: local_tests/figure1_toy_models/recovery_results/repair/unique_pair/k_4/S_582/summary.txt
Patterns with size different from k=4: 0
Repairing S_583 for k=4 with threshold=-24
========================================
Processing S_583
========================================

Not found in G: 0
Finished.
Graphs with no match in G: 0
Summary CSV: local_tests/figure1_toy_models/recovery_results/repair/unique_pair/k_4/S_583/summary.csv
Summary text: local_tests/figure1_toy_models/recovery_results/repair/unique_pair/k_4/S_583/summary.txt
Patterns with size different from k=4: 0
Repairing S_588 for k=4 with threshold=-24
========================================
Processing S_588
========================================

Not found in G: 0
Finished.
Graphs with no match in G: 0
Summary CSV: local_tests/figure1_toy_models/recovery_results/repair/unique_pair/k_4/S_588/summary.csv
Summary text: local_tests/figure1_toy_models/recovery_results/repair/unique_pair/k_4/S_588/summary.txt
Patterns with size different from k=4: 0
Repairing S_599 for k=4 with threshold=-24
========================================
Processing S_599
========================================

Not found in G: 1
Finished.
Graphs with no match in G: 1
Summary CSV: local_tests/figure1_toy_models/recovery_results/repair/unique_pair/k_4/S_599/summary.csv
Summary text: local_tests/figure1_toy_models/recovery_results/repair/unique_pair/k_4/S_599/summary.txt
Patterns with size different from k=4: 0
Repairing S_623 for k=4 with threshold=-24
========================================
Processing S_623
========================================

Not found in G: 0
Finished.
Graphs with no match in G: 0
Summary CSV: local_tests/figure1_toy_models/recovery_results/repair/unique_pair/k_4/S_623/summary.csv
Summary text: local_tests/figure1_toy_models/recovery_results/repair/unique_pair/k_4/S_623/summary.txt
Patterns with size different from k=4: 0
Repairing S_624 for k=4 with threshold=-24
========================================
Processing S_624
========================================

Not found in G: 1
Finished.
Graphs with no match in G: 1
Summary CSV: local_tests/figure1_toy_models/recovery_results/repair/unique_pair/k_4/S_624/summary.csv
Summary text: local_tests/figure1_toy_models/recovery_results/repair/unique_pair/k_4/S_624/summary.txt
Patterns with size different from k=4: 0
Repairing S_631 for k=4 with threshold=-24
========================================
Processing S_631
========================================

Not found in G: 1
Finished.
Graphs with no match in G: 1
Summary CSV: local_tests/figure1_toy_models/recovery_results/repair/unique_pair/k_4/S_631/summary.csv
Summary text: local_tests/figure1_toy_models/recovery_results/repair/unique_pair/k_4/S_631/summary.txt
Patterns with size different from k=4: 0
Repairing S_634 for k=4 with threshold=-24
========================================
Processing S_634
========================================

Not found in G: 0
Finished.
Graphs with no match in G: 0
Summary CSV: local_tests/figure1_toy_models/recovery_results/repair/unique_pair/k_4/S_634/summary.csv
Summary text: local_tests/figure1_toy_models/recovery_results/repair/unique_pair/k_4/S_634/summary.txt
Patterns with size different from k=4: 0
Repairing S_670 for k=4 with threshold=-24
========================================
Processing S_670
========================================

Not found in G: 1
Finished.
Graphs with no match in G: 1
Summary CSV: local_tests/figure1_toy_models/recovery_results/repair/unique_pair/k_4/S_670/summary.csv
Summary text: local_tests/figure1_toy_models/recovery_results/repair/unique_pair/k_4/S_670/summary.txt
Patterns with size different from k=4: 0
Repairing S_677 for k=4 with threshold=-24
========================================
Processing S_677
========================================

Not found in G: 0
Finished.
Graphs with no match in G: 0
Summary CSV: local_tests/figure1_toy_models/recovery_results/repair/unique_pair/k_4/S_677/summary.csv
Summary text: local_tests/figure1_toy_models/recovery_results/repair/unique_pair/k_4/S_677/summary.txt
Patterns with size different from k=4: 0
Repairing S_706 for k=4 with threshold=-24
========================================
Processing S_706
========================================

Not found in G: 1
Finished.
Graphs with no match in G: 1
Summary CSV: local_tests/figure1_toy_models/recovery_results/repair/unique_pair/k_4/S_706/summary.csv
Summary text: local_tests/figure1_toy_models/recovery_results/repair/unique_pair/k_4/S_706/summary.txt
Patterns with size different from k=4: 0
Repairing S_738 for k=4 with threshold=-24
========================================
Processing S_738
========================================

Not found in G: 0
Finished.
Graphs with no match in G: 0
Summary CSV: local_tests/figure1_toy_models/recovery_results/repair/unique_pair/k_4/S_738/summary.csv
Summary text: local_tests/figure1_toy_models/recovery_results/repair/unique_pair/k_4/S_738/summary.txt
Patterns with size different from k=4: 0
Repairing S_774 for k=4 with threshold=-24
========================================
Processing S_774
========================================

Not found in G: 1
Finished.
Graphs with no match in G: 1
Summary CSV: local_tests/figure1_toy_models/recovery_results/repair/unique_pair/k_4/S_774/summary.csv
Summary text: local_tests/figure1_toy_models/recovery_results/repair/unique_pair/k_4/S_774/summary.txt
Patterns with size different from k=4: 0
Repairing S_791 for k=4 with threshold=-24
========================================
Processing S_791
========================================

Not found in G: 0
Finished.
Graphs with no match in G: 0
Summary CSV: local_tests/figure1_toy_models/recovery_results/repair/unique_pair/k_4/S_791/summary.csv
Summary text: local_tests/figure1_toy_models/recovery_results/repair/unique_pair/k_4/S_791/summary.txt
Patterns with size different from k=4: 0
Repairing S_793 for k=4 with threshold=-24
========================================
Processing S_793
========================================

Not found in G: 1
Finished.
Graphs with no match in G: 1
Summary CSV: local_tests/figure1_toy_models/recovery_results/repair/unique_pair/k_4/S_793/summary.csv
Summary text: local_tests/figure1_toy_models/recovery_results/repair/unique_pair/k_4/S_793/summary.txt
Patterns with size different from k=4: 0
Repairing S_797 for k=4 with threshold=-24
========================================
Processing S_797
========================================

Not found in G: 1
Finished.
Graphs with no match in G: 1
Summary CSV: local_tests/figure1_toy_models/recovery_results/repair/unique_pair/k_4/S_797/summary.csv
Summary text: local_tests/figure1_toy_models/recovery_results/repair/unique_pair/k_4/S_797/summary.txt
Patterns with size different from k=4: 0
Repairing S_832 for k=4 with threshold=-24
========================================
Processing S_832
========================================

Not found in G: 0
Finished.
Graphs with no match in G: 0
Summary CSV: local_tests/figure1_toy_models/recovery_results/repair/unique_pair/k_4/S_832/summary.csv
Summary text: local_tests/figure1_toy_models/recovery_results/repair/unique_pair/k_4/S_832/summary.txt
Patterns with size different from k=4: 0
Repairing S_862 for k=4 with threshold=-24
========================================
Processing S_862
========================================

Not found in G: 0
Finished.
Graphs with no match in G: 0
Summary CSV: local_tests/figure1_toy_models/recovery_results/repair/unique_pair/k_4/S_862/summary.csv
Summary text: local_tests/figure1_toy_models/recovery_results/repair/unique_pair/k_4/S_862/summary.txt
Patterns with size different from k=4: 0
Repairing S_865 for k=4 with threshold=-24
========================================
Processing S_865
========================================

Not found in G: 0
Finished.
Graphs with no match in G: 0
Summary CSV: local_tests/figure1_toy_models/recovery_results/repair/unique_pair/k_4/S_865/summary.csv
Summary text: local_tests/figure1_toy_models/recovery_results/repair/unique_pair/k_4/S_865/summary.txt
Patterns with size different from k=4: 0
Repairing S_893 for k=4 with threshold=-24
========================================
Processing S_893
========================================

Not found in G: 0
Finished.
Graphs with no match in G: 0
Summary CSV: local_tests/figure1_toy_models/recovery_results/repair/unique_pair/k_4/S_893/summary.csv
Summary text: local_tests/figure1_toy_models/recovery_results/repair/unique_pair/k_4/S_893/summary.txt
Patterns with size different from k=4: 0
Repairing S_894 for k=4 with threshold=-24
========================================
Processing S_894
========================================

Not found in G: 1
Finished.
Graphs with no match in G: 1
Summary CSV: local_tests/figure1_toy_models/recovery_results/repair/unique_pair/k_4/S_894/summary.csv
Summary text: local_tests/figure1_toy_models/recovery_results/repair/unique_pair/k_4/S_894/summary.txt
Patterns with size different from k=4: 0
Repairing S_904 for k=4 with threshold=-24
========================================
Processing S_904
========================================

Not found in G: 1
Finished.
Graphs with no match in G: 1
Summary CSV: local_tests/figure1_toy_models/recovery_results/repair/unique_pair/k_4/S_904/summary.csv
Summary text: local_tests/figure1_toy_models/recovery_results/repair/unique_pair/k_4/S_904/summary.txt
Patterns with size different from k=4: 0
Repairing S_929 for k=4 with threshold=-24
========================================
Processing S_929
========================================

Not found in G: 0
Finished.
Graphs with no match in G: 0
Summary CSV: local_tests/figure1_toy_models/recovery_results/repair/unique_pair/k_4/S_929/summary.csv
Summary text: local_tests/figure1_toy_models/recovery_results/repair/unique_pair/k_4/S_929/summary.txt
Patterns with size different from k=4: 0
Repairing S_939 for k=4 with threshold=-24
========================================
Processing S_939
========================================

Not found in G: 0
Finished.
Graphs with no match in G: 0
Summary CSV: local_tests/figure1_toy_models/recovery_results/repair/unique_pair/k_4/S_939/summary.csv
Summary text: local_tests/figure1_toy_models/recovery_results/repair/unique_pair/k_4/S_939/summary.txt
Patterns with size different from k=4: 0
Repairing S_949 for k=4 with threshold=-24
========================================
Processing S_949
========================================

Not found in G: 1
Finished.
Graphs with no match in G: 1
Summary CSV: local_tests/figure1_toy_models/recovery_results/repair/unique_pair/k_4/S_949/summary.csv
Summary text: local_tests/figure1_toy_models/recovery_results/repair/unique_pair/k_4/S_949/summary.txt
Patterns with size different from k=4: 0
Repairing S_975 for k=4 with threshold=-24
========================================
Processing S_975
========================================

Not found in G: 1
Finished.
Graphs with no match in G: 1
Summary CSV: local_tests/figure1_toy_models/recovery_results/repair/unique_pair/k_4/S_975/summary.csv
Summary text: local_tests/figure1_toy_models/recovery_results/repair/unique_pair/k_4/S_975/summary.txt
Patterns with size different from k=4: 0
Repairing S_992 for k=4 with threshold=-24
========================================
Processing S_992
========================================

Not found in G: 1
Finished.
Graphs with no match in G: 1
Summary CSV: local_tests/figure1_toy_models/recovery_results/repair/unique_pair/k_4/S_992/summary.csv
Summary text: local_tests/figure1_toy_models/recovery_results/repair/unique_pair/k_4/S_992/summary.txt
Patterns with size different from k=4: 0
Repairing S_993 for k=4 with threshold=-24
========================================
Processing S_993
========================================

Not found in G: 1
Finished.
Graphs with no match in G: 1
Summary CSV: local_tests/figure1_toy_models/recovery_results/repair/unique_pair/k_4/S_993/summary.csv
Summary text: local_tests/figure1_toy_models/recovery_results/repair/unique_pair/k_4/S_993/summary.txt
Patterns with size different from k=4: 0
Repairing S_997 for k=4 with threshold=-24
========================================
Processing S_997
========================================

Not found in G: 0
Finished.
Graphs with no match in G: 0
Summary CSV: local_tests/figure1_toy_models/recovery_results/repair/unique_pair/k_4/S_997/summary.csv
Summary text: local_tests/figure1_toy_models/recovery_results/repair/unique_pair/k_4/S_997/summary.txt
Patterns with size different from k=4: 0
Repairing S_1000 for k=4 with threshold=-24
========================================
Processing S_1000
========================================

Not found in G: 0
Finished.
Graphs with no match in G: 0
Summary CSV: local_tests/figure1_toy_models/recovery_results/repair/unique_pair/k_4/S_1000/summary.csv
Summary text: local_tests/figure1_toy_models/recovery_results/repair/unique_pair/k_4/S_1000/summary.txt
Patterns with size different from k=4: 0
Calibrating unique_pair k=5 on S_1, threshold=-20
========================================
Processing S_1
========================================

Not found in G: 1
Finished.
Graphs with no match in G: 1
Summary CSV: local_tests/figure1_toy_models/recovery_results/calibration/unique_pair/k_5/summary.csv
Summary text: local_tests/figure1_toy_models/recovery_results/calibration/unique_pair/k_5/summary.txt
Patterns with size different from k=5: 1
Calibrating unique_pair k=5 on S_1, threshold=-23
========================================
Processing S_1
========================================

Not found in G: 1
Finished.
Graphs with no match in G: 1
Summary CSV: local_tests/figure1_toy_models/recovery_results/calibration/unique_pair/k_5/summary.csv
Summary text: local_tests/figure1_toy_models/recovery_results/calibration/unique_pair/k_5/summary.txt
Patterns with size different from k=5: 1
Calibrating unique_pair k=5 on S_1, threshold=-26
========================================
Processing S_1
========================================

Not found in G: 1
Finished.
Graphs with no match in G: 1
Summary CSV: local_tests/figure1_toy_models/recovery_results/calibration/unique_pair/k_5/summary.csv
Summary text: local_tests/figure1_toy_models/recovery_results/calibration/unique_pair/k_5/summary.txt
Patterns with size different from k=5: 1
Calibrating unique_pair k=5 on S_1, threshold=-29
========================================
Processing S_1
========================================

Not found in G: 1
Finished.
Graphs with no match in G: 1
Summary CSV: local_tests/figure1_toy_models/recovery_results/calibration/unique_pair/k_5/summary.csv
Summary text: local_tests/figure1_toy_models/recovery_results/calibration/unique_pair/k_5/summary.txt
Patterns with size different from k=5: 1
Calibrating unique_pair k=5 on S_1, threshold=-32
========================================
Processing S_1
========================================

Not found in G: 1
Finished.
Graphs with no match in G: 1
Summary CSV: local_tests/figure1_toy_models/recovery_results/calibration/unique_pair/k_5/summary.csv
Summary text: local_tests/figure1_toy_models/recovery_results/calibration/unique_pair/k_5/summary.txt
Patterns with size different from k=5: 1
Calibrating unique_pair k=5 on S_1, threshold=-35
========================================
Processing S_1
========================================

Not found in G: 1
Finished.
Graphs with no match in G: 1
Summary CSV: local_tests/figure1_toy_models/recovery_results/calibration/unique_pair/k_5/summary.csv
Summary text: local_tests/figure1_toy_models/recovery_results/calibration/unique_pair/k_5/summary.txt
Patterns with size different from k=5: 1
Calibrating unique_pair k=5 on S_1, threshold=-38
========================================
Processing S_1
========================================

Not found in G: 1
Finished.
Graphs with no match in G: 1
Summary CSV: local_tests/figure1_toy_models/recovery_results/calibration/unique_pair/k_5/summary.csv
Summary text: local_tests/figure1_toy_models/recovery_results/calibration/unique_pair/k_5/summary.txt
Patterns with size different from k=5: 0
Running all unique_pair graphs at k=5 with calibrated threshold=-38
========================================
Processing S_1
========================================
========================================
Processing S_2
========================================
========================================
Processing S_3
========================================
========================================
Processing S_4
========================================
========================================
Processing S_5
========================================
========================================
Processing S_6
========================================
========================================
Processing S_7
========================================
========================================
Processing S_8
========================================
========================================
Processing S_9
========================================
========================================
Processing S_10
========================================
========================================
Processing S_11
========================================
========================================
Processing S_12
========================================
========================================
Processing S_13
========================================
========================================
Processing S_14
========================================
========================================
Processing S_15
========================================
========================================
Processing S_16
========================================
========================================
Processing S_17
========================================
========================================
Processing S_18
========================================
========================================
Processing S_19
========================================
========================================
Processing S_20
========================================
========================================
Processing S_21
========================================
========================================
Processing S_22
========================================
========================================
Processing S_23
========================================
========================================
Processing S_24
========================================
========================================
Processing S_25
========================================
========================================
Processing S_26
========================================
========================================
Processing S_27
========================================
========================================
Processing S_28
========================================
========================================
Processing S_29
========================================
========================================
Processing S_30
========================================
========================================
Processing S_31
========================================
========================================
Processing S_32
========================================
========================================
Processing S_33
========================================
========================================
Processing S_34
========================================
========================================
Processing S_35
========================================
========================================
Processing S_36
========================================
========================================
Processing S_37
========================================
========================================
Processing S_38
========================================
========================================
Processing S_39
========================================
========================================
Processing S_40
========================================
========================================
Processing S_41
========================================
========================================
Processing S_42
========================================
========================================
Processing S_43
========================================
========================================
Processing S_44
========================================
========================================
Processing S_45
========================================
========================================
Processing S_46
========================================
========================================
Processing S_47
========================================
========================================
Processing S_48
========================================
========================================
Processing S_49
========================================
========================================
Processing S_50
========================================
Completed 50 graphs
========================================
Processing S_51
========================================
========================================
Processing S_52
========================================
========================================
Processing S_53
========================================
========================================
Processing S_54
========================================
========================================
Processing S_55
========================================
========================================
Processing S_56
========================================
========================================
Processing S_57
========================================
========================================
Processing S_58
========================================
========================================
Processing S_59
========================================
========================================
Processing S_60
========================================
========================================
Processing S_61
========================================
========================================
Processing S_62
========================================
========================================
Processing S_63
========================================
========================================
Processing S_64
========================================
========================================
Processing S_65
========================================
========================================
Processing S_66
========================================
========================================
Processing S_67
========================================
========================================
Processing S_68
========================================
========================================
Processing S_69
========================================
========================================
Processing S_70
========================================
========================================
Processing S_71
========================================
========================================
Processing S_72
========================================
========================================
Processing S_73
========================================
========================================
Processing S_74
========================================
========================================
Processing S_75
========================================
========================================
Processing S_76
========================================
========================================
Processing S_77
========================================
========================================
Processing S_78
========================================
========================================
Processing S_79
========================================
========================================
Processing S_80
========================================
========================================
Processing S_81
========================================
========================================
Processing S_82
========================================
========================================
Processing S_83
========================================
========================================
Processing S_84
========================================
========================================
Processing S_85
========================================
========================================
Processing S_86
========================================
========================================
Processing S_87
========================================
========================================
Processing S_88
========================================
========================================
Processing S_89
========================================
========================================
Processing S_90
========================================
========================================
Processing S_91
========================================
========================================
Processing S_92
========================================
========================================
Processing S_93
========================================
========================================
Processing S_94
========================================
========================================
Processing S_95
========================================
========================================
Processing S_96
========================================
========================================
Processing S_97
========================================
========================================
Processing S_98
========================================
========================================
Processing S_99
========================================
========================================
Processing S_100
========================================
Completed 100 graphs
========================================
Processing S_101
========================================
========================================
Processing S_102
========================================
========================================
Processing S_103
========================================
========================================
Processing S_104
========================================
========================================
Processing S_105
========================================
========================================
Processing S_106
========================================
========================================
Processing S_107
========================================
========================================
Processing S_108
========================================
========================================
Processing S_109
========================================
========================================
Processing S_110
========================================
========================================
Processing S_111
========================================
========================================
Processing S_112
========================================
========================================
Processing S_113
========================================
========================================
Processing S_114
========================================
========================================
Processing S_115
========================================
========================================
Processing S_116
========================================
========================================
Processing S_117
========================================
========================================
Processing S_118
========================================
========================================
Processing S_119
========================================
========================================
Processing S_120
========================================
========================================
Processing S_121
========================================
========================================
Processing S_122
========================================
========================================
Processing S_123
========================================
========================================
Processing S_124
========================================
========================================
Processing S_125
========================================
========================================
Processing S_126
========================================
========================================
Processing S_127
========================================
========================================
Processing S_128
========================================
========================================
Processing S_129
========================================
========================================
Processing S_130
========================================
========================================
Processing S_131
========================================
========================================
Processing S_132
========================================
========================================
Processing S_133
========================================
========================================
Processing S_134
========================================
========================================
Processing S_135
========================================
========================================
Processing S_136
========================================
========================================
Processing S_137
========================================
========================================
Processing S_138
========================================
========================================
Processing S_139
========================================
========================================
Processing S_140
========================================
========================================
Processing S_141
========================================
========================================
Processing S_142
========================================
========================================
Processing S_143
========================================
========================================
Processing S_144
========================================
========================================
Processing S_145
========================================
========================================
Processing S_146
========================================
========================================
Processing S_147
========================================
========================================
Processing S_148
========================================
========================================
Processing S_149
========================================
========================================
Processing S_150
========================================
Completed 150 graphs
========================================
Processing S_151
========================================
========================================
Processing S_152
========================================
========================================
Processing S_153
========================================
========================================
Processing S_154
========================================
========================================
Processing S_155
========================================
========================================
Processing S_156
========================================
========================================
Processing S_157
========================================
========================================
Processing S_158
========================================
========================================
Processing S_159
========================================
========================================
Processing S_160
========================================
========================================
Processing S_161
========================================
========================================
Processing S_162
========================================
========================================
Processing S_163
========================================
========================================
Processing S_164
========================================
========================================
Processing S_165
========================================
========================================
Processing S_166
========================================
========================================
Processing S_167
========================================
========================================
Processing S_168
========================================
========================================
Processing S_169
========================================
========================================
Processing S_170
========================================
========================================
Processing S_171
========================================
========================================
Processing S_172
========================================
========================================
Processing S_173
========================================
========================================
Processing S_174
========================================
========================================
Processing S_175
========================================
========================================
Processing S_176
========================================
========================================
Processing S_177
========================================
========================================
Processing S_178
========================================
========================================
Processing S_179
========================================
========================================
Processing S_180
========================================
========================================
Processing S_181
========================================
========================================
Processing S_182
========================================
========================================
Processing S_183
========================================
========================================
Processing S_184
========================================
========================================
Processing S_185
========================================
========================================
Processing S_186
========================================
========================================
Processing S_187
========================================
========================================
Processing S_188
========================================
========================================
Processing S_189
========================================
========================================
Processing S_190
========================================
========================================
Processing S_191
========================================
========================================
Processing S_192
========================================
========================================
Processing S_193
========================================
========================================
Processing S_194
========================================
========================================
Processing S_195
========================================
========================================
Processing S_196
========================================
========================================
Processing S_197
========================================
========================================
Processing S_198
========================================
========================================
Processing S_199
========================================
========================================
Processing S_200
========================================
Completed 200 graphs
========================================
Processing S_201
========================================
========================================
Processing S_202
========================================
========================================
Processing S_203
========================================
========================================
Processing S_204
========================================
========================================
Processing S_205
========================================
========================================
Processing S_206
========================================
========================================
Processing S_207
========================================
========================================
Processing S_208
========================================
========================================
Processing S_209
========================================
========================================
Processing S_210
========================================
========================================
Processing S_211
========================================
========================================
Processing S_212
========================================
========================================
Processing S_213
========================================
========================================
Processing S_214
========================================
========================================
Processing S_215
========================================
========================================
Processing S_216
========================================
========================================
Processing S_217
========================================
========================================
Processing S_218
========================================
========================================
Processing S_219
========================================
========================================
Processing S_220
========================================
========================================
Processing S_221
========================================
========================================
Processing S_222
========================================
========================================
Processing S_223
========================================
========================================
Processing S_224
========================================
========================================
Processing S_225
========================================
========================================
Processing S_226
========================================
========================================
Processing S_227
========================================
========================================
Processing S_228
========================================
========================================
Processing S_229
========================================
========================================
Processing S_230
========================================
========================================
Processing S_231
========================================
========================================
Processing S_232
========================================
========================================
Processing S_233
========================================
========================================
Processing S_234
========================================
========================================
Processing S_235
========================================
========================================
Processing S_236
========================================
========================================
Processing S_237
========================================
========================================
Processing S_238
========================================
========================================
Processing S_239
========================================
========================================
Processing S_240
========================================
========================================
Processing S_241
========================================
========================================
Processing S_242
========================================
========================================
Processing S_243
========================================
========================================
Processing S_244
========================================
========================================
Processing S_245
========================================
========================================
Processing S_246
========================================
========================================
Processing S_247
========================================
========================================
Processing S_248
========================================
========================================
Processing S_249
========================================
========================================
Processing S_250
========================================
Completed 250 graphs
========================================
Processing S_251
========================================
========================================
Processing S_252
========================================
========================================
Processing S_253
========================================
========================================
Processing S_254
========================================
========================================
Processing S_255
========================================
========================================
Processing S_256
========================================
========================================
Processing S_257
========================================
========================================
Processing S_258
========================================
========================================
Processing S_259
========================================
========================================
Processing S_260
========================================
========================================
Processing S_261
========================================
========================================
Processing S_262
========================================
========================================
Processing S_263
========================================
========================================
Processing S_264
========================================
========================================
Processing S_265
========================================
========================================
Processing S_266
========================================
========================================
Processing S_267
========================================
========================================
Processing S_268
========================================
========================================
Processing S_269
========================================
========================================
Processing S_270
========================================
========================================
Processing S_271
========================================
========================================
Processing S_272
========================================
========================================
Processing S_273
========================================
========================================
Processing S_274
========================================
========================================
Processing S_275
========================================
========================================
Processing S_276
========================================
========================================
Processing S_277
========================================
========================================
Processing S_278
========================================
========================================
Processing S_279
========================================
========================================
Processing S_280
========================================
========================================
Processing S_281
========================================
========================================
Processing S_282
========================================
========================================
Processing S_283
========================================
========================================
Processing S_284
========================================
========================================
Processing S_285
========================================
========================================
Processing S_286
========================================
========================================
Processing S_287
========================================
========================================
Processing S_288
========================================
========================================
Processing S_289
========================================
========================================
Processing S_290
========================================
========================================
Processing S_291
========================================
========================================
Processing S_292
========================================
========================================
Processing S_293
========================================
========================================
Processing S_294
========================================
========================================
Processing S_295
========================================
========================================
Processing S_296
========================================
========================================
Processing S_297
========================================
========================================
Processing S_298
========================================
========================================
Processing S_299
========================================
========================================
Processing S_300
========================================
Completed 300 graphs
========================================
Processing S_301
========================================
========================================
Processing S_302
========================================
========================================
Processing S_303
========================================
========================================
Processing S_304
========================================
========================================
Processing S_305
========================================
========================================
Processing S_306
========================================
========================================
Processing S_307
========================================
========================================
Processing S_308
========================================
========================================
Processing S_309
========================================
========================================
Processing S_310
========================================
========================================
Processing S_311
========================================
========================================
Processing S_312
========================================
========================================
Processing S_313
========================================
========================================
Processing S_314
========================================
========================================
Processing S_315
========================================
========================================
Processing S_316
========================================
========================================
Processing S_317
========================================
========================================
Processing S_318
========================================
========================================
Processing S_319
========================================
========================================
Processing S_320
========================================
========================================
Processing S_321
========================================
========================================
Processing S_322
========================================
========================================
Processing S_323
========================================
========================================
Processing S_324
========================================
========================================
Processing S_325
========================================
========================================
Processing S_326
========================================
========================================
Processing S_327
========================================
========================================
Processing S_328
========================================
========================================
Processing S_329
========================================
========================================
Processing S_330
========================================
========================================
Processing S_331
========================================
========================================
Processing S_332
========================================
========================================
Processing S_333
========================================
========================================
Processing S_334
========================================
========================================
Processing S_335
========================================
========================================
Processing S_336
========================================
========================================
Processing S_337
========================================
========================================
Processing S_338
========================================
========================================
Processing S_339
========================================
========================================
Processing S_340
========================================
========================================
Processing S_341
========================================
========================================
Processing S_342
========================================
========================================
Processing S_343
========================================
========================================
Processing S_344
========================================
========================================
Processing S_345
========================================
========================================
Processing S_346
========================================
========================================
Processing S_347
========================================
========================================
Processing S_348
========================================
========================================
Processing S_349
========================================
========================================
Processing S_350
========================================
Completed 350 graphs
========================================
Processing S_351
========================================
========================================
Processing S_352
========================================
========================================
Processing S_353
========================================
========================================
Processing S_354
========================================
========================================
Processing S_355
========================================
========================================
Processing S_356
========================================
========================================
Processing S_357
========================================
========================================
Processing S_358
========================================
========================================
Processing S_359
========================================
========================================
Processing S_360
========================================
========================================
Processing S_361
========================================
========================================
Processing S_362
========================================
========================================
Processing S_363
========================================
========================================
Processing S_364
========================================
========================================
Processing S_365
========================================
========================================
Processing S_366
========================================
========================================
Processing S_367
========================================
========================================
Processing S_368
========================================
========================================
Processing S_369
========================================
========================================
Processing S_370
========================================
========================================
Processing S_371
========================================
========================================
Processing S_372
========================================
========================================
Processing S_373
========================================
========================================
Processing S_374
========================================
========================================
Processing S_375
========================================
========================================
Processing S_376
========================================
========================================
Processing S_377
========================================
========================================
Processing S_378
========================================
========================================
Processing S_379
========================================
========================================
Processing S_380
========================================
========================================
Processing S_381
========================================
========================================
Processing S_382
========================================
========================================
Processing S_383
========================================
========================================
Processing S_384
========================================
========================================
Processing S_385
========================================
========================================
Processing S_386
========================================
========================================
Processing S_387
========================================
========================================
Processing S_388
========================================
========================================
Processing S_389
========================================
========================================
Processing S_390
========================================
========================================
Processing S_391
========================================
========================================
Processing S_392
========================================
========================================
Processing S_393
========================================
========================================
Processing S_394
========================================
========================================
Processing S_395
========================================
========================================
Processing S_396
========================================
========================================
Processing S_397
========================================
========================================
Processing S_398
========================================
========================================
Processing S_399
========================================
========================================
Processing S_400
========================================
Completed 400 graphs
========================================
Processing S_401
========================================
========================================
Processing S_402
========================================
========================================
Processing S_403
========================================
========================================
Processing S_404
========================================
========================================
Processing S_405
========================================
========================================
Processing S_406
========================================
========================================
Processing S_407
========================================
========================================
Processing S_408
========================================
========================================
Processing S_409
========================================
========================================
Processing S_410
========================================
========================================
Processing S_411
========================================
========================================
Processing S_412
========================================
========================================
Processing S_413
========================================
========================================
Processing S_414
========================================
========================================
Processing S_415
========================================
========================================
Processing S_416
========================================
========================================
Processing S_417
========================================
========================================
Processing S_418
========================================
========================================
Processing S_419
========================================
========================================
Processing S_420
========================================
========================================
Processing S_421
========================================
========================================
Processing S_422
========================================
========================================
Processing S_423
========================================
========================================
Processing S_424
========================================
========================================
Processing S_425
========================================
========================================
Processing S_426
========================================
========================================
Processing S_427
========================================
========================================
Processing S_428
========================================
========================================
Processing S_429
========================================
========================================
Processing S_430
========================================
========================================
Processing S_431
========================================
========================================
Processing S_432
========================================
========================================
Processing S_433
========================================
========================================
Processing S_434
========================================
========================================
Processing S_435
========================================
========================================
Processing S_436
========================================
========================================
Processing S_437
========================================
========================================
Processing S_438
========================================
========================================
Processing S_439
========================================
========================================
Processing S_440
========================================
========================================
Processing S_441
========================================
========================================
Processing S_442
========================================
========================================
Processing S_443
========================================
========================================
Processing S_444
========================================
========================================
Processing S_445
========================================
========================================
Processing S_446
========================================
========================================
Processing S_447
========================================
========================================
Processing S_448
========================================
========================================
Processing S_449
========================================
========================================
Processing S_450
========================================
Completed 450 graphs
========================================
Processing S_451
========================================
========================================
Processing S_452
========================================
========================================
Processing S_453
========================================
========================================
Processing S_454
========================================
========================================
Processing S_455
========================================
========================================
Processing S_456
========================================
========================================
Processing S_457
========================================
========================================
Processing S_458
========================================
========================================
Processing S_459
========================================
========================================
Processing S_460
========================================
========================================
Processing S_461
========================================
========================================
Processing S_462
========================================
========================================
Processing S_463
========================================
========================================
Processing S_464
========================================
========================================
Processing S_465
========================================
========================================
Processing S_466
========================================
========================================
Processing S_467
========================================
========================================
Processing S_468
========================================
========================================
Processing S_469
========================================
========================================
Processing S_470
========================================
========================================
Processing S_471
========================================
========================================
Processing S_472
========================================
========================================
Processing S_473
========================================
========================================
Processing S_474
========================================
========================================
Processing S_475
========================================
========================================
Processing S_476
========================================
========================================
Processing S_477
========================================
========================================
Processing S_478
========================================
========================================
Processing S_479
========================================
========================================
Processing S_480
========================================
========================================
Processing S_481
========================================
========================================
Processing S_482
========================================
========================================
Processing S_483
========================================
========================================
Processing S_484
========================================
========================================
Processing S_485
========================================
========================================
Processing S_486
========================================
========================================
Processing S_487
========================================
========================================
Processing S_488
========================================
========================================
Processing S_489
========================================
========================================
Processing S_490
========================================
========================================
Processing S_491
========================================
========================================
Processing S_492
========================================
========================================
Processing S_493
========================================
========================================
Processing S_494
========================================
========================================
Processing S_495
========================================
========================================
Processing S_496
========================================
========================================
Processing S_497
========================================
========================================
Processing S_498
========================================
========================================
Processing S_499
========================================
========================================
Processing S_500
========================================
Completed 500 graphs
========================================
Processing S_501
========================================
========================================
Processing S_502
========================================
========================================
Processing S_503
========================================
========================================
Processing S_504
========================================
========================================
Processing S_505
========================================
========================================
Processing S_506
========================================
========================================
Processing S_507
========================================
========================================
Processing S_508
========================================
========================================
Processing S_509
========================================
========================================
Processing S_510
========================================
========================================
Processing S_511
========================================
========================================
Processing S_512
========================================
========================================
Processing S_513
========================================
========================================
Processing S_514
========================================
========================================
Processing S_515
========================================
========================================
Processing S_516
========================================
========================================
Processing S_517
========================================
========================================
Processing S_518
========================================
========================================
Processing S_519
========================================
========================================
Processing S_520
========================================
========================================
Processing S_521
========================================
========================================
Processing S_522
========================================
========================================
Processing S_523
========================================
========================================
Processing S_524
========================================
========================================
Processing S_525
========================================
========================================
Processing S_526
========================================
========================================
Processing S_527
========================================
========================================
Processing S_528
========================================
========================================
Processing S_529
========================================
========================================
Processing S_530
========================================
========================================
Processing S_531
========================================
========================================
Processing S_532
========================================
========================================
Processing S_533
========================================
========================================
Processing S_534
========================================
========================================
Processing S_535
========================================
========================================
Processing S_536
========================================
========================================
Processing S_537
========================================
========================================
Processing S_538
========================================
========================================
Processing S_539
========================================
========================================
Processing S_540
========================================
========================================
Processing S_541
========================================
========================================
Processing S_542
========================================
========================================
Processing S_543
========================================
========================================
Processing S_544
========================================
========================================
Processing S_545
========================================
========================================
Processing S_546
========================================
========================================
Processing S_547
========================================
========================================
Processing S_548
========================================
========================================
Processing S_549
========================================
========================================
Processing S_550
========================================
Completed 550 graphs
========================================
Processing S_551
========================================
========================================
Processing S_552
========================================
========================================
Processing S_553
========================================
========================================
Processing S_554
========================================
========================================
Processing S_555
========================================
========================================
Processing S_556
========================================
========================================
Processing S_557
========================================
========================================
Processing S_558
========================================
========================================
Processing S_559
========================================
========================================
Processing S_560
========================================
========================================
Processing S_561
========================================
========================================
Processing S_562
========================================
========================================
Processing S_563
========================================
========================================
Processing S_564
========================================
========================================
Processing S_565
========================================
========================================
Processing S_566
========================================
========================================
Processing S_567
========================================
========================================
Processing S_568
========================================
========================================
Processing S_569
========================================
========================================
Processing S_570
========================================
========================================
Processing S_571
========================================
========================================
Processing S_572
========================================
========================================
Processing S_573
========================================
========================================
Processing S_574
========================================
========================================
Processing S_575
========================================
========================================
Processing S_576
========================================
========================================
Processing S_577
========================================
========================================
Processing S_578
========================================
========================================
Processing S_579
========================================
========================================
Processing S_580
========================================
========================================
Processing S_581
========================================
========================================
Processing S_582
========================================
========================================
Processing S_583
========================================
========================================
Processing S_584
========================================
========================================
Processing S_585
========================================
========================================
Processing S_586
========================================
========================================
Processing S_587
========================================
========================================
Processing S_588
========================================
========================================
Processing S_589
========================================
========================================
Processing S_590
========================================
========================================
Processing S_591
========================================
========================================
Processing S_592
========================================
========================================
Processing S_593
========================================
========================================
Processing S_594
========================================
========================================
Processing S_595
========================================
========================================
Processing S_596
========================================
========================================
Processing S_597
========================================
========================================
Processing S_598
========================================
========================================
Processing S_599
========================================
========================================
Processing S_600
========================================
Completed 600 graphs
========================================
Processing S_601
========================================
========================================
Processing S_602
========================================
========================================
Processing S_603
========================================
========================================
Processing S_604
========================================
========================================
Processing S_605
========================================
========================================
Processing S_606
========================================
========================================
Processing S_607
========================================
========================================
Processing S_608
========================================
========================================
Processing S_609
========================================
========================================
Processing S_610
========================================
========================================
Processing S_611
========================================
========================================
Processing S_612
========================================
========================================
Processing S_613
========================================
========================================
Processing S_614
========================================
========================================
Processing S_615
========================================
========================================
Processing S_616
========================================
========================================
Processing S_617
========================================
========================================
Processing S_618
========================================
========================================
Processing S_619
========================================
========================================
Processing S_620
========================================
========================================
Processing S_621
========================================
========================================
Processing S_622
========================================
========================================
Processing S_623
========================================
========================================
Processing S_624
========================================
========================================
Processing S_625
========================================
========================================
Processing S_626
========================================
========================================
Processing S_627
========================================
========================================
Processing S_628
========================================
========================================
Processing S_629
========================================
========================================
Processing S_630
========================================
========================================
Processing S_631
========================================
========================================
Processing S_632
========================================
========================================
Processing S_633
========================================
========================================
Processing S_634
========================================
========================================
Processing S_635
========================================
========================================
Processing S_636
========================================
========================================
Processing S_637
========================================
========================================
Processing S_638
========================================
========================================
Processing S_639
========================================
========================================
Processing S_640
========================================
========================================
Processing S_641
========================================
========================================
Processing S_642
========================================
========================================
Processing S_643
========================================
========================================
Processing S_644
========================================
========================================
Processing S_645
========================================
========================================
Processing S_646
========================================
========================================
Processing S_647
========================================
========================================
Processing S_648
========================================
========================================
Processing S_649
========================================
========================================
Processing S_650
========================================
Completed 650 graphs
========================================
Processing S_651
========================================
========================================
Processing S_652
========================================
========================================
Processing S_653
========================================
========================================
Processing S_654
========================================
========================================
Processing S_655
========================================
========================================
Processing S_656
========================================
========================================
Processing S_657
========================================
========================================
Processing S_658
========================================
========================================
Processing S_659
========================================
========================================
Processing S_660
========================================
========================================
Processing S_661
========================================
========================================
Processing S_662
========================================
========================================
Processing S_663
========================================
========================================
Processing S_664
========================================
========================================
Processing S_665
========================================
========================================
Processing S_666
========================================
========================================
Processing S_667
========================================
========================================
Processing S_668
========================================
========================================
Processing S_669
========================================
========================================
Processing S_670
========================================
========================================
Processing S_671
========================================
========================================
Processing S_672
========================================
========================================
Processing S_673
========================================
========================================
Processing S_674
========================================
========================================
Processing S_675
========================================
========================================
Processing S_676
========================================
========================================
Processing S_677
========================================
========================================
Processing S_678
========================================
========================================
Processing S_679
========================================
========================================
Processing S_680
========================================
========================================
Processing S_681
========================================
========================================
Processing S_682
========================================
========================================
Processing S_683
========================================
========================================
Processing S_684
========================================
========================================
Processing S_685
========================================
========================================
Processing S_686
========================================
========================================
Processing S_687
========================================
========================================
Processing S_688
========================================
========================================
Processing S_689
========================================
========================================
Processing S_690
========================================
========================================
Processing S_691
========================================
========================================
Processing S_692
========================================
========================================
Processing S_693
========================================
========================================
Processing S_694
========================================
========================================
Processing S_695
========================================
========================================
Processing S_696
========================================
========================================
Processing S_697
========================================
========================================
Processing S_698
========================================
========================================
Processing S_699
========================================
========================================
Processing S_700
========================================
Completed 700 graphs
========================================
Processing S_701
========================================
========================================
Processing S_702
========================================
========================================
Processing S_703
========================================
========================================
Processing S_704
========================================
========================================
Processing S_705
========================================
========================================
Processing S_706
========================================
========================================
Processing S_707
========================================
========================================
Processing S_708
========================================
========================================
Processing S_709
========================================
========================================
Processing S_710
========================================
========================================
Processing S_711
========================================
========================================
Processing S_712
========================================
========================================
Processing S_713
========================================
========================================
Processing S_714
========================================
========================================
Processing S_715
========================================
========================================
Processing S_716
========================================
========================================
Processing S_717
========================================
========================================
Processing S_718
========================================
========================================
Processing S_719
========================================
========================================
Processing S_720
========================================
========================================
Processing S_721
========================================
========================================
Processing S_722
========================================
========================================
Processing S_723
========================================
========================================
Processing S_724
========================================
========================================
Processing S_725
========================================
========================================
Processing S_726
========================================
========================================
Processing S_727
========================================
========================================
Processing S_728
========================================
========================================
Processing S_729
========================================
========================================
Processing S_730
========================================
========================================
Processing S_731
========================================
========================================
Processing S_732
========================================
========================================
Processing S_733
========================================
========================================
Processing S_734
========================================
========================================
Processing S_735
========================================
========================================
Processing S_736
========================================
========================================
Processing S_737
========================================
========================================
Processing S_738
========================================
========================================
Processing S_739
========================================
========================================
Processing S_740
========================================
========================================
Processing S_741
========================================
========================================
Processing S_742
========================================
========================================
Processing S_743
========================================
========================================
Processing S_744
========================================
========================================
Processing S_745
========================================
========================================
Processing S_746
========================================
========================================
Processing S_747
========================================
========================================
Processing S_748
========================================
========================================
Processing S_749
========================================
========================================
Processing S_750
========================================
Completed 750 graphs
========================================
Processing S_751
========================================
========================================
Processing S_752
========================================
========================================
Processing S_753
========================================
========================================
Processing S_754
========================================
========================================
Processing S_755
========================================
========================================
Processing S_756
========================================
========================================
Processing S_757
========================================
========================================
Processing S_758
========================================
========================================
Processing S_759
========================================
========================================
Processing S_760
========================================
========================================
Processing S_761
========================================
========================================
Processing S_762
========================================
========================================
Processing S_763
========================================
========================================
Processing S_764
========================================
========================================
Processing S_765
========================================
========================================
Processing S_766
========================================
========================================
Processing S_767
========================================
========================================
Processing S_768
========================================
========================================
Processing S_769
========================================
========================================
Processing S_770
========================================
========================================
Processing S_771
========================================
========================================
Processing S_772
========================================
========================================
Processing S_773
========================================
========================================
Processing S_774
========================================
========================================
Processing S_775
========================================
========================================
Processing S_776
========================================
========================================
Processing S_777
========================================
========================================
Processing S_778
========================================
========================================
Processing S_779
========================================
========================================
Processing S_780
========================================
========================================
Processing S_781
========================================
========================================
Processing S_782
========================================
========================================
Processing S_783
========================================
========================================
Processing S_784
========================================
========================================
Processing S_785
========================================
========================================
Processing S_786
========================================
========================================
Processing S_787
========================================
========================================
Processing S_788
========================================
========================================
Processing S_789
========================================
========================================
Processing S_790
========================================
========================================
Processing S_791
========================================
========================================
Processing S_792
========================================
========================================
Processing S_793
========================================
========================================
Processing S_794
========================================
========================================
Processing S_795
========================================
========================================
Processing S_796
========================================
========================================
Processing S_797
========================================
========================================
Processing S_798
========================================
========================================
Processing S_799
========================================
========================================
Processing S_800
========================================
Completed 800 graphs
========================================
Processing S_801
========================================
========================================
Processing S_802
========================================
========================================
Processing S_803
========================================
========================================
Processing S_804
========================================
========================================
Processing S_805
========================================
========================================
Processing S_806
========================================
========================================
Processing S_807
========================================
========================================
Processing S_808
========================================
========================================
Processing S_809
========================================
========================================
Processing S_810
========================================
========================================
Processing S_811
========================================
========================================
Processing S_812
========================================
========================================
Processing S_813
========================================
========================================
Processing S_814
========================================
========================================
Processing S_815
========================================
========================================
Processing S_816
========================================
========================================
Processing S_817
========================================
========================================
Processing S_818
========================================
========================================
Processing S_819
========================================
========================================
Processing S_820
========================================
========================================
Processing S_821
========================================
========================================
Processing S_822
========================================
========================================
Processing S_823
========================================
========================================
Processing S_824
========================================
========================================
Processing S_825
========================================
========================================
Processing S_826
========================================
========================================
Processing S_827
========================================
========================================
Processing S_828
========================================
========================================
Processing S_829
========================================
========================================
Processing S_830
========================================
========================================
Processing S_831
========================================
========================================
Processing S_832
========================================
========================================
Processing S_833
========================================
========================================
Processing S_834
========================================
========================================
Processing S_835
========================================
========================================
Processing S_836
========================================
========================================
Processing S_837
========================================
========================================
Processing S_838
========================================
========================================
Processing S_839
========================================
========================================
Processing S_840
========================================
========================================
Processing S_841
========================================
========================================
Processing S_842
========================================
========================================
Processing S_843
========================================
========================================
Processing S_844
========================================
========================================
Processing S_845
========================================
========================================
Processing S_846
========================================
========================================
Processing S_847
========================================
========================================
Processing S_848
========================================
========================================
Processing S_849
========================================
========================================
Processing S_850
========================================
Completed 850 graphs
========================================
Processing S_851
========================================
========================================
Processing S_852
========================================
========================================
Processing S_853
========================================
========================================
Processing S_854
========================================
========================================
Processing S_855
========================================
========================================
Processing S_856
========================================
========================================
Processing S_857
========================================
========================================
Processing S_858
========================================
========================================
Processing S_859
========================================
========================================
Processing S_860
========================================
========================================
Processing S_861
========================================
========================================
Processing S_862
========================================
========================================
Processing S_863
========================================
========================================
Processing S_864
========================================
========================================
Processing S_865
========================================
========================================
Processing S_866
========================================
========================================
Processing S_867
========================================
========================================
Processing S_868
========================================
========================================
Processing S_869
========================================
========================================
Processing S_870
========================================
========================================
Processing S_871
========================================
========================================
Processing S_872
========================================
========================================
Processing S_873
========================================
========================================
Processing S_874
========================================
========================================
Processing S_875
========================================
========================================
Processing S_876
========================================
========================================
Processing S_877
========================================
========================================
Processing S_878
========================================
========================================
Processing S_879
========================================
========================================
Processing S_880
========================================
========================================
Processing S_881
========================================
========================================
Processing S_882
========================================
========================================
Processing S_883
========================================
========================================
Processing S_884
========================================
========================================
Processing S_885
========================================
========================================
Processing S_886
========================================
========================================
Processing S_887
========================================
========================================
Processing S_888
========================================
========================================
Processing S_889
========================================
========================================
Processing S_890
========================================
========================================
Processing S_891
========================================
========================================
Processing S_892
========================================
========================================
Processing S_893
========================================
========================================
Processing S_894
========================================
========================================
Processing S_895
========================================
========================================
Processing S_896
========================================
========================================
Processing S_897
========================================
========================================
Processing S_898
========================================
========================================
Processing S_899
========================================
========================================
Processing S_900
========================================
Completed 900 graphs
========================================
Processing S_901
========================================
========================================
Processing S_902
========================================
========================================
Processing S_903
========================================
========================================
Processing S_904
========================================
========================================
Processing S_905
========================================
========================================
Processing S_906
========================================
========================================
Processing S_907
========================================
========================================
Processing S_908
========================================
========================================
Processing S_909
========================================
========================================
Processing S_910
========================================
========================================
Processing S_911
========================================
========================================
Processing S_912
========================================
========================================
Processing S_913
========================================
========================================
Processing S_914
========================================
========================================
Processing S_915
========================================
========================================
Processing S_916
========================================
========================================
Processing S_917
========================================
========================================
Processing S_918
========================================
========================================
Processing S_919
========================================
========================================
Processing S_920
========================================
========================================
Processing S_921
========================================
========================================
Processing S_922
========================================
========================================
Processing S_923
========================================
========================================
Processing S_924
========================================
========================================
Processing S_925
========================================
========================================
Processing S_926
========================================
========================================
Processing S_927
========================================
========================================
Processing S_928
========================================
========================================
Processing S_929
========================================
========================================
Processing S_930
========================================
========================================
Processing S_931
========================================
========================================
Processing S_932
========================================
========================================
Processing S_933
========================================
========================================
Processing S_934
========================================
========================================
Processing S_935
========================================
========================================
Processing S_936
========================================
========================================
Processing S_937
========================================
========================================
Processing S_938
========================================
========================================
Processing S_939
========================================
========================================
Processing S_940
========================================
========================================
Processing S_941
========================================
========================================
Processing S_942
========================================
========================================
Processing S_943
========================================
========================================
Processing S_944
========================================
========================================
Processing S_945
========================================
========================================
Processing S_946
========================================
========================================
Processing S_947
========================================
========================================
Processing S_948
========================================
========================================
Processing S_949
========================================
========================================
Processing S_950
========================================
Completed 950 graphs
========================================
Processing S_951
========================================
========================================
Processing S_952
========================================
========================================
Processing S_953
========================================
========================================
Processing S_954
========================================
========================================
Processing S_955
========================================
========================================
Processing S_956
========================================
========================================
Processing S_957
========================================
========================================
Processing S_958
========================================
========================================
Processing S_959
========================================
========================================
Processing S_960
========================================
========================================
Processing S_961
========================================
========================================
Processing S_962
========================================
========================================
Processing S_963
========================================
========================================
Processing S_964
========================================
========================================
Processing S_965
========================================
========================================
Processing S_966
========================================
========================================
Processing S_967
========================================
========================================
Processing S_968
========================================
========================================
Processing S_969
========================================
========================================
Processing S_970
========================================
========================================
Processing S_971
========================================
========================================
Processing S_972
========================================
========================================
Processing S_973
========================================
========================================
Processing S_974
========================================
========================================
Processing S_975
========================================
========================================
Processing S_976
========================================
========================================
Processing S_977
========================================
========================================
Processing S_978
========================================
========================================
Processing S_979
========================================
========================================
Processing S_980
========================================
========================================
Processing S_981
========================================
========================================
Processing S_982
========================================
========================================
Processing S_983
========================================
========================================
Processing S_984
========================================
========================================
Processing S_985
========================================
========================================
Processing S_986
========================================
========================================
Processing S_987
========================================
========================================
Processing S_988
========================================
========================================
Processing S_989
========================================
========================================
Processing S_990
========================================
========================================
Processing S_991
========================================
========================================
Processing S_992
========================================
========================================
Processing S_993
========================================
========================================
Processing S_994
========================================
========================================
Processing S_995
========================================
========================================
Processing S_996
========================================
========================================
Processing S_997
========================================
========================================
Processing S_998
========================================
========================================
Processing S_999
========================================
========================================
Processing S_1000
========================================
Completed 1000 graphs

Not found in G: 992
Finished.
Graphs with no match in G: 992
Summary CSV: local_tests/figure1_toy_models/recovery_results/unique_pair/k_5/summary.csv
Summary text: local_tests/figure1_toy_models/recovery_results/unique_pair/k_5/summary.txt
Patterns with size different from k=5: 87
Repairing 87 patterns whose measured size is not k=5
Repairing S_16 for k=5 with threshold=-35
========================================
Processing S_16
========================================

Not found in G: 1
Finished.
Graphs with no match in G: 1
Summary CSV: local_tests/figure1_toy_models/recovery_results/repair/unique_pair/k_5/S_16/summary.csv
Summary text: local_tests/figure1_toy_models/recovery_results/repair/unique_pair/k_5/S_16/summary.txt
Patterns with size different from k=5: 0
Repairing S_17 for k=5 with threshold=-41
========================================
Processing S_17
========================================

Not found in G: 1
Finished.
Graphs with no match in G: 1
Summary CSV: local_tests/figure1_toy_models/recovery_results/repair/unique_pair/k_5/S_17/summary.csv
Summary text: local_tests/figure1_toy_models/recovery_results/repair/unique_pair/k_5/S_17/summary.txt
Patterns with size different from k=5: 0
Repairing S_20 for k=5 with threshold=-35
========================================
Processing S_20
========================================

Not found in G: 1
Finished.
Graphs with no match in G: 1
Summary CSV: local_tests/figure1_toy_models/recovery_results/repair/unique_pair/k_5/S_20/summary.csv
Summary text: local_tests/figure1_toy_models/recovery_results/repair/unique_pair/k_5/S_20/summary.txt
Patterns with size different from k=5: 0
Repairing S_21 for k=5 with threshold=-35
========================================
Processing S_21
========================================

Not found in G: 1
Finished.
Graphs with no match in G: 1
Summary CSV: local_tests/figure1_toy_models/recovery_results/repair/unique_pair/k_5/S_21/summary.csv
Summary text: local_tests/figure1_toy_models/recovery_results/repair/unique_pair/k_5/S_21/summary.txt
Patterns with size different from k=5: 0
Repairing S_22 for k=5 with threshold=-35
========================================
Processing S_22
========================================

Not found in G: 1
Finished.
Graphs with no match in G: 1
Summary CSV: local_tests/figure1_toy_models/recovery_results/repair/unique_pair/k_5/S_22/summary.csv
Summary text: local_tests/figure1_toy_models/recovery_results/repair/unique_pair/k_5/S_22/summary.txt
Patterns with size different from k=5: 0
Repairing S_36 for k=5 with threshold=-35
========================================
Processing S_36
========================================

Not found in G: 1
Finished.
Graphs with no match in G: 1
Summary CSV: local_tests/figure1_toy_models/recovery_results/repair/unique_pair/k_5/S_36/summary.csv
Summary text: local_tests/figure1_toy_models/recovery_results/repair/unique_pair/k_5/S_36/summary.txt
Patterns with size different from k=5: 1
Repairing S_36 for k=5 with threshold=-32
========================================
Processing S_36
========================================

Not found in G: 1
Finished.
Graphs with no match in G: 1
Summary CSV: local_tests/figure1_toy_models/recovery_results/repair/unique_pair/k_5/S_36/summary.csv
Summary text: local_tests/figure1_toy_models/recovery_results/repair/unique_pair/k_5/S_36/summary.txt
Patterns with size different from k=5: 0
Repairing S_70 for k=5 with threshold=-35
========================================
Processing S_70
========================================

Not found in G: 1
Finished.
Graphs with no match in G: 1
Summary CSV: local_tests/figure1_toy_models/recovery_results/repair/unique_pair/k_5/S_70/summary.csv
Summary text: local_tests/figure1_toy_models/recovery_results/repair/unique_pair/k_5/S_70/summary.txt
Patterns with size different from k=5: 0
Repairing S_100 for k=5 with threshold=-35
========================================
Processing S_100
========================================

Not found in G: 1
Finished.
Graphs with no match in G: 1
Summary CSV: local_tests/figure1_toy_models/recovery_results/repair/unique_pair/k_5/S_100/summary.csv
Summary text: local_tests/figure1_toy_models/recovery_results/repair/unique_pair/k_5/S_100/summary.txt
Patterns with size different from k=5: 0
Repairing S_115 for k=5 with threshold=-41
========================================
Processing S_115
========================================

Not found in G: 1
Finished.
Graphs with no match in G: 1
Summary CSV: local_tests/figure1_toy_models/recovery_results/repair/unique_pair/k_5/S_115/summary.csv
Summary text: local_tests/figure1_toy_models/recovery_results/repair/unique_pair/k_5/S_115/summary.txt
Patterns with size different from k=5: 0
Repairing S_129 for k=5 with threshold=-35
========================================
Processing S_129
========================================

Not found in G: 0
Finished.
Graphs with no match in G: 0
Summary CSV: local_tests/figure1_toy_models/recovery_results/repair/unique_pair/k_5/S_129/summary.csv
Summary text: local_tests/figure1_toy_models/recovery_results/repair/unique_pair/k_5/S_129/summary.txt
Patterns with size different from k=5: 0
Repairing S_145 for k=5 with threshold=-35
========================================
Processing S_145
========================================

Not found in G: 1
Finished.
Graphs with no match in G: 1
Summary CSV: local_tests/figure1_toy_models/recovery_results/repair/unique_pair/k_5/S_145/summary.csv
Summary text: local_tests/figure1_toy_models/recovery_results/repair/unique_pair/k_5/S_145/summary.txt
Patterns with size different from k=5: 0
Repairing S_162 for k=5 with threshold=-35
========================================
Processing S_162
========================================

Not found in G: 1
Finished.
Graphs with no match in G: 1
Summary CSV: local_tests/figure1_toy_models/recovery_results/repair/unique_pair/k_5/S_162/summary.csv
Summary text: local_tests/figure1_toy_models/recovery_results/repair/unique_pair/k_5/S_162/summary.txt
Patterns with size different from k=5: 0
Repairing S_184 for k=5 with threshold=-41
========================================
Processing S_184
========================================

Not found in G: 1
Finished.
Graphs with no match in G: 1
Summary CSV: local_tests/figure1_toy_models/recovery_results/repair/unique_pair/k_5/S_184/summary.csv
Summary text: local_tests/figure1_toy_models/recovery_results/repair/unique_pair/k_5/S_184/summary.txt
Patterns with size different from k=5: 1
Repairing S_184 for k=5 with threshold=-44
========================================
Processing S_184
========================================

Not found in G: 1
Finished.
Graphs with no match in G: 1
Summary CSV: local_tests/figure1_toy_models/recovery_results/repair/unique_pair/k_5/S_184/summary.csv
Summary text: local_tests/figure1_toy_models/recovery_results/repair/unique_pair/k_5/S_184/summary.txt
Patterns with size different from k=5: 0
Repairing S_191 for k=5 with threshold=-35
========================================
Processing S_191
========================================

Not found in G: 1
Finished.
Graphs with no match in G: 1
Summary CSV: local_tests/figure1_toy_models/recovery_results/repair/unique_pair/k_5/S_191/summary.csv
Summary text: local_tests/figure1_toy_models/recovery_results/repair/unique_pair/k_5/S_191/summary.txt
Patterns with size different from k=5: 0
Repairing S_204 for k=5 with threshold=-35
========================================
Processing S_204
========================================

Not found in G: 1
Finished.
Graphs with no match in G: 1
Summary CSV: local_tests/figure1_toy_models/recovery_results/repair/unique_pair/k_5/S_204/summary.csv
Summary text: local_tests/figure1_toy_models/recovery_results/repair/unique_pair/k_5/S_204/summary.txt
Patterns with size different from k=5: 0
Repairing S_205 for k=5 with threshold=-35
========================================
Processing S_205
========================================

Not found in G: 1
Finished.
Graphs with no match in G: 1
Summary CSV: local_tests/figure1_toy_models/recovery_results/repair/unique_pair/k_5/S_205/summary.csv
Summary text: local_tests/figure1_toy_models/recovery_results/repair/unique_pair/k_5/S_205/summary.txt
Patterns with size different from k=5: 0
Repairing S_211 for k=5 with threshold=-35
========================================
Processing S_211
========================================

Not found in G: 0
Finished.
Graphs with no match in G: 0
Summary CSV: local_tests/figure1_toy_models/recovery_results/repair/unique_pair/k_5/S_211/summary.csv
Summary text: local_tests/figure1_toy_models/recovery_results/repair/unique_pair/k_5/S_211/summary.txt
Patterns with size different from k=5: 1
Repairing S_211 for k=5 with threshold=-32
========================================
Processing S_211
========================================

Not found in G: 0
Finished.
Graphs with no match in G: 0
Summary CSV: local_tests/figure1_toy_models/recovery_results/repair/unique_pair/k_5/S_211/summary.csv
Summary text: local_tests/figure1_toy_models/recovery_results/repair/unique_pair/k_5/S_211/summary.txt
Patterns with size different from k=5: 0
Repairing S_221 for k=5 with threshold=-41
========================================
Processing S_221
========================================

Not found in G: 1
Finished.
Graphs with no match in G: 1
Summary CSV: local_tests/figure1_toy_models/recovery_results/repair/unique_pair/k_5/S_221/summary.csv
Summary text: local_tests/figure1_toy_models/recovery_results/repair/unique_pair/k_5/S_221/summary.txt
Patterns with size different from k=5: 0
Repairing S_225 for k=5 with threshold=-41
========================================
Processing S_225
========================================

Not found in G: 1
Finished.
Graphs with no match in G: 1
Summary CSV: local_tests/figure1_toy_models/recovery_results/repair/unique_pair/k_5/S_225/summary.csv
Summary text: local_tests/figure1_toy_models/recovery_results/repair/unique_pair/k_5/S_225/summary.txt
Patterns with size different from k=5: 0
Repairing S_237 for k=5 with threshold=-35
========================================
Processing S_237
========================================

Not found in G: 1
Finished.
Graphs with no match in G: 1
Summary CSV: local_tests/figure1_toy_models/recovery_results/repair/unique_pair/k_5/S_237/summary.csv
Summary text: local_tests/figure1_toy_models/recovery_results/repair/unique_pair/k_5/S_237/summary.txt
Patterns with size different from k=5: 0
Repairing S_260 for k=5 with threshold=-35
========================================
Processing S_260
========================================

Not found in G: 1
Finished.
Graphs with no match in G: 1
Summary CSV: local_tests/figure1_toy_models/recovery_results/repair/unique_pair/k_5/S_260/summary.csv
Summary text: local_tests/figure1_toy_models/recovery_results/repair/unique_pair/k_5/S_260/summary.txt
Patterns with size different from k=5: 0
Repairing S_269 for k=5 with threshold=-35
========================================
Processing S_269
========================================

Not found in G: 0
Finished.
Graphs with no match in G: 0
Summary CSV: local_tests/figure1_toy_models/recovery_results/repair/unique_pair/k_5/S_269/summary.csv
Summary text: local_tests/figure1_toy_models/recovery_results/repair/unique_pair/k_5/S_269/summary.txt
Patterns with size different from k=5: 1
Repairing S_269 for k=5 with threshold=-32
========================================
Processing S_269
========================================

Not found in G: 0
Finished.
Graphs with no match in G: 0
Summary CSV: local_tests/figure1_toy_models/recovery_results/repair/unique_pair/k_5/S_269/summary.csv
Summary text: local_tests/figure1_toy_models/recovery_results/repair/unique_pair/k_5/S_269/summary.txt
Patterns with size different from k=5: 0
Repairing S_277 for k=5 with threshold=-35
========================================
Processing S_277
========================================

Not found in G: 1
Finished.
Graphs with no match in G: 1
Summary CSV: local_tests/figure1_toy_models/recovery_results/repair/unique_pair/k_5/S_277/summary.csv
Summary text: local_tests/figure1_toy_models/recovery_results/repair/unique_pair/k_5/S_277/summary.txt
Patterns with size different from k=5: 0
Repairing S_311 for k=5 with threshold=-41
========================================
Processing S_311
========================================

Not found in G: 1
Finished.
Graphs with no match in G: 1
Summary CSV: local_tests/figure1_toy_models/recovery_results/repair/unique_pair/k_5/S_311/summary.csv
Summary text: local_tests/figure1_toy_models/recovery_results/repair/unique_pair/k_5/S_311/summary.txt
Patterns with size different from k=5: 0
Repairing S_315 for k=5 with threshold=-35
========================================
Processing S_315
========================================

Not found in G: 1
Finished.
Graphs with no match in G: 1
Summary CSV: local_tests/figure1_toy_models/recovery_results/repair/unique_pair/k_5/S_315/summary.csv
Summary text: local_tests/figure1_toy_models/recovery_results/repair/unique_pair/k_5/S_315/summary.txt
Patterns with size different from k=5: 0
Repairing S_320 for k=5 with threshold=-35
========================================
Processing S_320
========================================

Not found in G: 1
Finished.
Graphs with no match in G: 1
Summary CSV: local_tests/figure1_toy_models/recovery_results/repair/unique_pair/k_5/S_320/summary.csv
Summary text: local_tests/figure1_toy_models/recovery_results/repair/unique_pair/k_5/S_320/summary.txt
Patterns with size different from k=5: 0
Repairing S_355 for k=5 with threshold=-35
========================================
Processing S_355
========================================

Not found in G: 1
Finished.
Graphs with no match in G: 1
Summary CSV: local_tests/figure1_toy_models/recovery_results/repair/unique_pair/k_5/S_355/summary.csv
Summary text: local_tests/figure1_toy_models/recovery_results/repair/unique_pair/k_5/S_355/summary.txt
Patterns with size different from k=5: 1
Repairing S_355 for k=5 with threshold=-32
